Province,Year,Infrastructure Type,Passenger Volume (in million)
Anhui,2021,Airport,16.47
Anhui,2020,Airport,15.61
Anhui,2019,Airport,24.70
Anhui,2018,Airport,22.87
Anhui,2017,Airport,20.62
Anhui,2016,Airport,18.26
Anhui,2015,Airport,16.32
Anhui,2014,Airport,14.63
Anhui,2013,Airport,13.21
Anhui,2012,Airport,11.90
Anhui,2011,Airport,10.93
Anhui,2010,Airport,9.95
Anhui,2009,Airport,8.57
Anhui,2008,Airport,7.15
Beijing,2021,Airport,15.58
Beijing,2020,Airport,14.77
Beijing,2019,Airport,23.38
Beijing,2018,Airport,21.64
Beijing,2017,Airport,19.52
Beijing,2016,Airport,17.29
Beijing,2015,Airport,15.44
Beijing,2014,Airport,13.85
Beijing,2013,Airport,12.50
Beijing,2012,Airport,11.26
Beijing,2011,Airport,10.34
Beijing,2010,Airport,9.42
Beijing,2009,Airport,8.11
Beijing,2008,Airport,6.77
Chongqing,2021,Airport,10.74
Chongqing,2020,Airport,10.18
Chongqing,2019,Airport,16.11
Chongqing,2018,Airport,14.92
Chongqing,2017,Airport,13.45
Chongqing,2016,Airport,11.91
Chongqing,2015,Airport,10.64
Chongqing,2014,Airport,9.55
Chongqing,2013,Airport,8.62
Chongqing,2012,Airport,7.76
Chongqing,2011,Airport,7.13
Chongqing,2010,Airport,6.49
Chongqing,2009,Airport,5.59
Chongqing,2008,Airport,4.66
Fujian,2021,Airport,19.06
Fujian,2020,Airport,18.06
Fujian,2019,Airport,28.59
Fujian,2018,Airport,26.46
Fujian,2017,Airport,23.87
Fujian,2016,Airport,21.14
Fujian,2015,Airport,18.88
Fujian,2014,Airport,16.94
Fujian,2013,Airport,15.29
Fujian,2012,Airport,13.77
Fujian,2011,Airport,12.65
Fujian,2010,Airport,11.52
Fujian,2009,Airport,9.92
Fujian,2008,Airport,8.27
Gansu,2021,Airport,3.99
Gansu,2020,Airport,3.78
Gansu,2019,Airport,5.98
Gansu,2018,Airport,5.54
Gansu,2017,Airport,4.99
Gansu,2016,Airport,4.42
Gansu,2015,Airport,3.95
Gansu,2014,Airport,3.54
Gansu,2013,Airport,3.20
Gansu,2012,Airport,2.88
Gansu,2011,Airport,2.65
Gansu,2010,Airport,2.41
Gansu,2009,Airport,2.08
Gansu,2008,Airport,1.73
Guangdong,2021,Airport,48.04
Guangdong,2020,Airport,45.53
Guangdong,2019,Airport,72.06
Guangdong,2018,Airport,66.71
Guangdong,2017,Airport,60.16
Guangdong,2016,Airport,53.28
Guangdong,2015,Airport,47.61
Guangdong,2014,Airport,42.69
Guangdong,2013,Airport,38.54
Guangdong,2012,Airport,34.72
Guangdong,2011,Airport,31.88
Guangdong,2010,Airport,29.04
Guangdong,2009,Airport,25.00
Guangdong,2008,Airport,20.85
Guangxi,2021,Airport,9.67
Guangxi,2020,Airport,9.16
Guangxi,2019,Airport,14.50
Guangxi,2018,Airport,13.42
Guangxi,2017,Airport,12.10
Guangxi,2016,Airport,10.72
Guangxi,2015,Airport,9.58
Guangxi,2014,Airport,8.59
Guangxi,2013,Airport,7.75
Guangxi,2012,Airport,6.99
Guangxi,2011,Airport,6.41
Guangxi,2010,Airport,5.84
Guangxi,2009,Airport,5.03
Guangxi,2008,Airport,4.20
Guizhou,2021,Airport,7.54
Guizhou,2020,Airport,7.14
Guizhou,2019,Airport,11.31
Guizhou,2018,Airport,10.47
Guizhou,2017,Airport,9.44
Guizhou,2016,Airport,8.36
Guizhou,2015,Airport,7.47
Guizhou,2014,Airport,6.70
Guizhou,2013,Airport,6.05
Guizhou,2012,Airport,5.45
Guizhou,2011,Airport,5.00
Guizhou,2010,Airport,4.56
Guizhou,2009,Airport,3.92
Guizhou,2008,Airport,3.27
Hainan,2021,Airport,2.49
Hainan,2020,Airport,2.36
Hainan,2019,Airport,3.74
Hainan,2018,Airport,3.46
Hainan,2017,Airport,3.12
Hainan,2016,Airport,2.76
Hainan,2015,Airport,2.47
Hainan,2014,Airport,2.22
Hainan,2013,Airport,2.00
Hainan,2012,Airport,1.80
Hainan,2011,Airport,1.65
Hainan,2010,Airport,1.51
Hainan,2009,Airport,1.30
Hainan,2008,Airport,1.08
Hebei,2021,Airport,15.57
Hebei,2020,Airport,14.75
Hebei,2019,Airport,23.35
Hebei,2018,Airport,21.62
Hebei,2017,Airport,19.49
Hebei,2016,Airport,17.27
Hebei,2015,Airport,15.43
Hebei,2014,Airport,13.83
Hebei,2013,Airport,12.49
Hebei,2012,Airport,11.25
Hebei,2011,Airport,10.33
Hebei,2010,Airport,9.41
Hebei,2009,Airport,8.10
Hebei,2008,Airport,6.76
Heilongjiang,2021,Airport,5.83
Heilongjiang,2020,Airport,5.52
Heilongjiang,2019,Airport,8.74
Heilongjiang,2018,Airport,8.09
Heilongjiang,2017,Airport,7.30
Heilongjiang,2016,Airport,6.46
Heilongjiang,2015,Airport,5.77
Heilongjiang,2014,Airport,5.18
Heilongjiang,2013,Airport,4.68
Heilongjiang,2012,Airport,4.21
Heilongjiang,2011,Airport,3.87
Heilongjiang,2010,Airport,3.52
Heilongjiang,2009,Airport,3.03
Heilongjiang,2008,Airport,2.53
Henan,2021,Airport,22.42
Henan,2020,Airport,21.25
Henan,2019,Airport,33.64
Henan,2018,Airport,31.14
Henan,2017,Airport,28.08
Henan,2016,Airport,24.87
Henan,2015,Airport,22.22
Henan,2014,Airport,19.93
Henan,2013,Airport,17.99
Henan,2012,Airport,16.21
Henan,2011,Airport,14.88
Henan,2010,Airport,13.56
Henan,2009,Airport,11.67
Henan,2008,Airport,9.73
Hubei,2021,Airport,19.18
Hubei,2020,Airport,18.17
Hubei,2019,Airport,28.76
Hubei,2018,Airport,26.63
Hubei,2017,Airport,24.01
Hubei,2016,Airport,21.27
Hubei,2015,Airport,19.00
Hubei,2014,Airport,17.04
Hubei,2013,Airport,15.38
Hubei,2012,Airport,13.86
Hubei,2011,Airport,12.73
Hubei,2010,Airport,11.59
Hubei,2009,Airport,9.98
Hubei,2008,Airport,8.32
Hunan,2021,Airport,17.73
Hunan,2020,Airport,16.80
Hunan,2019,Airport,26.59
Hunan,2018,Airport,24.62
Hunan,2017,Airport,22.20
Hunan,2016,Airport,19.66
Hunan,2015,Airport,17.56
Hunan,2014,Airport,15.75
Hunan,2013,Airport,14.22
Hunan,2012,Airport,12.81
Hunan,2011,Airport,11.76
Hunan,2010,Airport,10.72
Hunan,2009,Airport,9.23
Hunan,2008,Airport,7.69
Inner Mongolia,2021,Airport,8.13
Inner Mongolia,2020,Airport,7.70
Inner Mongolia,2019,Airport,12.19
Inner Mongolia,2018,Airport,11.29
Inner Mongolia,2017,Airport,10.18
Inner Mongolia,2016,Airport,9.01
Inner Mongolia,2015,Airport,8.05
Inner Mongolia,2014,Airport,7.22
Inner Mongolia,2013,Airport,6.52
Inner Mongolia,2012,Airport,5.87
Inner Mongolia,2011,Airport,5.39
Inner Mongolia,2010,Airport,4.91
Inner Mongolia,2009,Airport,4.23
Inner Mongolia,2008,Airport,3.53
Jiangsu,2021,Airport,45.01
Jiangsu,2020,Airport,42.65
Jiangsu,2019,Airport,67.51
Jiangsu,2018,Airport,62.50
Jiangsu,2017,Airport,56.36
Jiangsu,2016,Airport,49.92
Jiangsu,2015,Airport,44.60
Jiangsu,2014,Airport,39.99
Jiangsu,2013,Airport,36.11
Jiangsu,2012,Airport,32.53
Jiangsu,2011,Airport,29.87
Jiangsu,2010,Airport,27.21
Jiangsu,2009,Airport,23.42
Jiangsu,2008,Airport,19.54
Jiangxi,2021,Airport,11.42
Jiangxi,2020,Airport,10.82
Jiangxi,2019,Airport,17.12
Jiangxi,2018,Airport,15.85
Jiangxi,2017,Airport,14.30
Jiangxi,2016,Airport,12.66
Jiangxi,2015,Airport,11.31
Jiangxi,2014,Airport,10.14
Jiangxi,2013,Airport,9.16
Jiangxi,2012,Airport,8.25
Jiangxi,2011,Airport,7.58
Jiangxi,2010,Airport,6.90
Jiangxi,2009,Airport,5.94
Jiangxi,2008,Airport,4.96
Jilin,2021,Airport,5.03
Jilin,2020,Airport,4.76
Jilin,2019,Airport,7.54
Jilin,2018,Airport,6.98
Jilin,2017,Airport,6.30
Jilin,2016,Airport,5.58
Jilin,2015,Airport,4.98
Jilin,2014,Airport,4.47
Jilin,2013,Airport,4.03
Jilin,2012,Airport,3.63
Jilin,2011,Airport,3.34
Jilin,2010,Airport,3.04
Jilin,2009,Airport,2.62
Jilin,2008,Airport,2.18
Liaoning,2021,Airport,10.70
Liaoning,2020,Airport,10.14
Liaoning,2019,Airport,16.06
Liaoning,2018,Airport,14.86
Liaoning,2017,Airport,13.40
Liaoning,2016,Airport,11.87
Liaoning,2015,Airport,10.61
Liaoning,2014,Airport,9.51
Liaoning,2013,Airport,8.59
Liaoning,2012,Airport,7.74
Liaoning,2011,Airport,7.10
Liaoning,2010,Airport,6.47
Liaoning,2009,Airport,5.57
Liaoning,2008,Airport,4.65
Ningxia,2021,Airport,1.79
Ningxia,2020,Airport,1.70
Ningxia,2019,Airport,2.69
Ningxia,2018,Airport,2.49
Ningxia,2017,Airport,2.25
Ningxia,2016,Airport,1.99
Ningxia,2015,Airport,1.78
Ningxia,2014,Airport,1.59
Ningxia,2013,Airport,1.44
Ningxia,2012,Airport,1.30
Ningxia,2011,Airport,1.19
Ningxia,2010,Airport,1.08
Ningxia,2009,Airport,0.93
Ningxia,2008,Airport,0.78
Qinghai,2021,Airport,1.32
Qinghai,2020,Airport,1.25
Qinghai,2019,Airport,1.98
Qinghai,2018,Airport,1.83
Qinghai,2017,Airport,1.65
Qinghai,2016,Airport,1.46
Qinghai,2015,Airport,1.31
Qinghai,2014,Airport,1.17
Qinghai,2013,Airport,1.06
Qinghai,2012,Airport,0.95
Qinghai,2011,Airport,0.87
Qinghai,2010,Airport,0.80
Qinghai,2009,Airport,0.69
Qinghai,2008,Airport,0.57
Shaanxi,2021,Airport,11.70
Shaanxi,2020,Airport,11.09
Shaanxi,2019,Airport,17.55
Shaanxi,2018,Airport,16.25
Shaanxi,2017,Airport,14.65
Shaanxi,2016,Airport,12.97
Shaanxi,2015,Airport,11.59
Shaanxi,2014,Airport,10.40
Shaanxi,2013,Airport,9.39
Shaanxi,2012,Airport,8.45
Shaanxi,2011,Airport,7.76
Shaanxi,2010,Airport,7.07
Shaanxi,2009,Airport,6.09
Shaanxi,2008,Airport,5.08
Shandong,2021,Airport,31.98
Shandong,2020,Airport,30.31
Shandong,2019,Airport,47.98
Shandong,2018,Airport,44.41
Shandong,2017,Airport,40.05
Shandong,2016,Airport,35.47
Shandong,2015,Airport,31.69
Shandong,2014,Airport,28.42
Shandong,2013,Airport,25.66
Shandong,2012,Airport,23.12
Shandong,2011,Airport,21.23
Shandong,2010,Airport,19.34
Shandong,2009,Airport,16.65
Shandong,2008,Airport,13.88
Shanghai,2021,Airport,16.75
Shanghai,2020,Airport,15.88
Shanghai,2019,Airport,25.13
Shanghai,2018,Airport,23.27
Shanghai,2017,Airport,20.98
Shanghai,2016,Airport,18.58
Shanghai,2015,Airport,16.60
Shanghai,2014,Airport,14.89
Shanghai,2013,Airport,13.44
Shanghai,2012,Airport,12.11
Shanghai,2011,Airport,11.12
Shanghai,2010,Airport,10.13
Shanghai,2009,Airport,8.72
Shanghai,2008,Airport,7.27
Shanxi,2021,Airport,8.72
Shanxi,2020,Airport,8.26
Shanxi,2019,Airport,13.07
Shanxi,2018,Airport,12.10
Shanxi,2017,Airport,10.91
Shanxi,2016,Airport,9.67
Shanxi,2015,Airport,8.64
Shanxi,2014,Airport,7.75
Shanxi,2013,Airport,6.99
Shanxi,2012,Airport,6.30
Shanxi,2011,Airport,5.78
Shanxi,2010,Airport,5.27
Shanxi,2009,Airport,4.54
Shanxi,2008,Airport,3.78
Sichuan,2021,Airport,20.93
Sichuan,2020,Airport,19.84
Sichuan,2019,Airport,31.40
Sichuan,2018,Airport,29.07
Sichuan,2017,Airport,26.21
Sichuan,2016,Airport,23.22
Sichuan,2015,Airport,20.74
Sichuan,2014,Airport,18.60
Sichuan,2013,Airport,16.79
Sichuan,2012,Airport,15.13
Sichuan,2011,Airport,13.89
Sichuan,2010,Airport,12.65
Sichuan,2009,Airport,10.89
Sichuan,2008,Airport,9.09
Tianjin,2021,Airport,6.03
Tianjin,2020,Airport,5.71
Tianjin,2019,Airport,9.04
Tianjin,2018,Airport,8.37
Tianjin,2017,Airport,7.55
Tianjin,2016,Airport,6.68
Tianjin,2015,Airport,5.97
Tianjin,2014,Airport,5.35
Tianjin,2013,Airport,4.83
Tianjin,2012,Airport,4.35
Tianjin,2011,Airport,4.00
Tianjin,2010,Airport,3.64
Tianjin,2009,Airport,3.14
Tianjin,2008,Airport,2.62
Tibet,2021,Airport,0.81
Tibet,2020,Airport,0.76
Tibet,2019,Airport,1.21
Tibet,2018,Airport,1.12
Tibet,2017,Airport,1.01
Tibet,2016,Airport,0.89
Tibet,2015,Airport,0.80
Tibet,2014,Airport,0.72
Tibet,2013,Airport,0.65
Tibet,2012,Airport,0.58
Tibet,2011,Airport,0.54
Tibet,2010,Airport,0.49
Tibet,2009,Airport,0.42
Tibet,2008,Airport,0.35
Xinjiang,2021,Airport,6.33
Xinjiang,2020,Airport,6.00
Xinjiang,2019,Airport,9.50
Xinjiang,2018,Airport,8.79
Xinjiang,2017,Airport,7.93
Xinjiang,2016,Airport,7.02
Xinjiang,2015,Airport,6.27
Xinjiang,2014,Airport,5.63
Xinjiang,2013,Airport,5.08
Xinjiang,2012,Airport,4.58
Xinjiang,2011,Airport,4.20
Xinjiang,2010,Airport,3.83
Xinjiang,2009,Airport,3.30
Xinjiang,2008,Airport,2.75
Yunnan,2021,Airport,10.55
Yunnan,2020,Airport,10.00
Yunnan,2019,Airport,15.83
Yunnan,2018,Airport,14.66
Yunnan,2017,Airport,13.22
Yunnan,2016,Airport,11.71
Yunnan,2015,Airport,10.46
Yunnan,2014,Airport,9.38
Yunnan,2013,Airport,8.47
Yunnan,2012,Airport,7.63
Yunnan,2011,Airport,7.00
Yunnan,2010,Airport,6.38
Yunnan,2009,Airport,5.49
Yunnan,2008,Airport,4.58
Zhejiang,2021,Airport,28.50
Zhejiang,2020,Airport,27.01
Zhejiang,2019,Airport,42.76
Zhejiang,2018,Airport,39.58
Zhejiang,2017,Airport,35.70
Zhejiang,2016,Airport,31.61
Zhejiang,2015,Airport,28.25
Zhejiang,2014,Airport,25.33
Zhejiang,2013,Airport,22.87
Zhejiang,2012,Airport,20.60
Zhejiang,2011,Airport,18.92
Zhejiang,2010,Airport,17.23
Zhejiang,2009,Airport,14.84
Zhejiang,2008,Airport,12.37
Anhui,2021,Highway,162.84
Anhui,2020,Highway,227.76
Anhui,2019,Highway,456.43
Anhui,2018,Highway,507.70
Anhui,2017,Highway,573.65
Anhui,2016,Highway,705.23
Anhui,2015,Highway,780.72
Anhui,2014,Highway,1314.03
Anhui,2013,Highway,1194.33
Anhui,2012,Highway,2068.88
Anhui,2011,Highway,1794.40
Anhui,2010,Highway,1536.97
Anhui,2009,Highway,1359.84
Anhui,2008,Highway,1244.27
Beijing,2021,Highway,280.59
Beijing,2020,Highway,245.48
Beijing,2019,Highway,481.51
Beijing,2018,Highway,445.77
Beijing,2017,Highway,449.40
Beijing,2016,Highway,480.40
Beijing,2015,Highway,499.31
Beijing,2014,Highway,523.54
Beijing,2013,Highway,524.81
Beijing,2012,Highway,1323.33
Beijing,2011,Highway,1299.18
Beijing,2010,Highway,1261.30
Beijing,2009,Highway,1213.73
Beijing,2008,Highway,1171.18
Chongqing,2021,Highway,256.47
Chongqing,2020,Highway,314.50
Chongqing,2019,Highway,509.90
Chongqing,2018,Highway,521.50
Chongqing,2017,Highway,533.07
Chongqing,2016,Highway,555.94
Chongqing,2015,Highway,575.56
Chongqing,2014,Highway,636.30
Chongqing,2013,Highway,612.43
Chongqing,2012,Highway,1522.49
Chongqing,2011,Highway,1361.42
Chongqing,2010,Highway,1221.25
Chongqing,2009,Highway,1101.50
Chongqing,2008,Highway,1026.80
Fujian,2021,Highway,105.22
Fujian,2020,Highway,148.82
Fujian,2019,Highway,311.99
Fujian,2018,Highway,340.81
Fujian,2017,Highway,375.85
Fujian,2016,Highway,391.37
Fujian,2015,Highway,403.94
Fujian,2014,Highway,485.80
Fujian,2013,Highway,468.95
Fujian,2012,Highway,750.44
Fujian,2011,Highway,732.59
Fujian,2010,Highway,707.14
Fujian,2009,Highway,715.86
Fujian,2008,Highway,684.09
Gansu,2021,Highway,108.13
Gansu,2020,Highway,224.78
Gansu,2019,Highway,360.85
Gansu,2018,Highway,366.34
Gansu,2017,Highway,380.80
Gansu,2016,Highway,379.32
Gansu,2015,Highway,372.40
Gansu,2014,Highway,362.24
Gansu,2013,Highway,335.56
Gansu,2012,Highway,618.84
Gansu,2011,Highway,583.55
Gansu,2010,Highway,514.04
Gansu,2009,Highway,477.55
Gansu,2008,Highway,439.62
Guangdong,2021,Highway,275.67
Guangdong,2020,Highway,549.46
Guangdong,2019,Highway,1010.12
Guangdong,2018,Highway,1052.49
Guangdong,2017,Highway,1059.19
Guangdong,2016,Highway,1020.94
Guangdong,2015,Highway,980.50
Guangdong,2014,Highway,1572.34
Guangdong,2013,Highway,1333.05
Guangdong,2012,Highway,5565.10
Guangdong,2011,Highway,4936.18
Guangdong,2010,Highway,4422.24
Guangdong,2009,Highway,4067.04
Guangdong,2008,Highway,4629.97
Guangxi,2021,Highway,183.26
Guangxi,2020,Highway,267.71
Guangxi,2019,Highway,345.39
Guangxi,2018,Highway,361.34
Guangxi,2017,Highway,380.83
Guangxi,2016,Highway,397.50
Guangxi,2015,Highway,415.22
Guangxi,2014,Highway,466.23
Guangxi,2013,Highway,456.06
Guangxi,2012,Highway,864.49
Guangxi,2011,Highway,793.00
Guangxi,2010,Highway,722.08
Guangxi,2009,Highway,654.05
Guangxi,2008,Highway,606.45
Guizhou,2021,Highway,190.04
Guizhou,2020,Highway,335.84
Guizhou,2019,Highway,842.55
Guizhou,2018,Highway,840.53
Guizhou,2017,Highway,838.09
Guizhou,2016,Highway,821.99
Guizhou,2015,Highway,806.21
Guizhou,2014,Highway,802.31
Guizhou,2013,Highway,773.59
Guizhou,2012,Highway,771.72
Guizhou,2011,Highway,663.03
Guizhou,2010,Highway,654.52
Guizhou,2009,Highway,599.81
Guizhou,2008,Highway,360.19
Hainan,2021,Highway,48.56
Hainan,2020,Highway,45.66
Hainan,2019,Highway,93.66
Hainan,2018,Highway,96.37
Hainan,2017,Highway,101.07
Hainan,2016,Highway,99.20
Hainan,2015,Highway,103.63
Hainan,2014,Highway,110.42
Hainan,2013,Highway,105.83
Hainan,2012,Highway,443.74
Hainan,2011,Highway,436.77
Hainan,2010,Highway,427.85
Hainan,2009,Highway,394.61
Hainan,2008,Highway,365.78
Hebei,2021,Highway,70.79
Hebei,2020,Highway,105.75
Hebei,2019,Highway,317.19
Hebei,2018,Highway,351.33
Hebei,2017,Highway,384.94
Hebei,2016,Highway,399.25
Hebei,2015,Highway,435.63
Hebei,2014,Highway,511.51
Hebei,2013,Highway,529.56
Hebei,2012,Highway,972.18
Hebei,2011,Highway,918.57
Hebei,2010,Highway,832.89
Hebei,2009,Highway,705.79
Hebei,2008,Highway,662.42
Heilongjiang,2021,Highway,84.77
Heilongjiang,2020,Highway,76.08
Heilongjiang,2019,Highway,182.12
Heilongjiang,2018,Highway,207.39
Heilongjiang,2017,Highway,239.17
Heilongjiang,2016,Highway,285.50
Heilongjiang,2015,Highway,326.32
Heilongjiang,2014,Highway,363.79
Heilongjiang,2013,Highway,351.02
Heilongjiang,2012,Highway,415.51
Heilongjiang,2011,Highway,394.24
Heilongjiang,2010,Highway,360.01
Heilongjiang,2009,Highway,329.47
Heilongjiang,2008,Highway,313.79
Henan,2021,Highway,373.88
Henan,2020,Highway,463.22
Henan,2019,Highway,912.81
Henan,2018,Highway,937.07
Henan,2017,Highway,987.53
Henan,2016,Highway,1064.15
Henan,2015,Highway,1125.35
Henan,2014,Highway,1282.79
Henan,2013,Highway,1254.50
Henan,2012,Highway,1977.85
Henan,2011,Highway,1842.13
Henan,2010,Highway,1586.30
Henan,2009,Highway,1362.79
Henan,2008,Highway,1224.14
Hubei,2021,Highway,210.98
Hubei,2020,Highway,217.31
Hubei,2019,Highway,695.84
Hubei,2018,Highway,809.90
Hubei,2017,Highway,867.72
Hubei,2016,Highway,882.21
Hubei,2015,Highway,879.53
Hubei,2014,Highway,878.03
Hubei,2013,Highway,806.70
Hubei,2012,Highway,1183.69
Hubei,2011,Highway,1049.71
Hubei,2010,Highway,968.73
Hubei,2009,Highway,887.03
Hubei,2008,Highway,825.32
Hunan,2021,Highway,370.31
Hunan,2020,Highway,441.44
Hunan,2019,Highway,841.62
Hunan,2018,Highway,910.07
Hunan,2017,Highway,1003.90
Hunan,2016,Highway,1086.27
Hunan,2015,Highway,1192.66
Hunan,2014,Highway,1505.83
Hunan,2013,Highway,1490.15
Hunan,2012,Highway,1743.86
Hunan,2011,Highway,1619.80
Hunan,2010,Highway,1482.35
Hunan,2009,Highway,1333.59
Hunan,2008,Highway,1242.74
Inner Mongolia,2021,Highway,26.86
Inner Mongolia,2020,Highway,32.24
Inner Mongolia,2019,Highway,65.18
Inner Mongolia,2018,Highway,78.23
Inner Mongolia,2017,Highway,94.21
Inner Mongolia,2016,Highway,103.47
Inner Mongolia,2015,Highway,110.17
Inner Mongolia,2014,Highway,134.94
Inner Mongolia,2013,Highway,161.84
Inner Mongolia,2012,Highway,233.10
Inner Mongolia,2011,Highway,218.07
Inner Mongolia,2010,Highway,198.30
Inner Mongolia,2009,Highway,179.98
Inner Mongolia,2008,Highway,162.07
Jiangsu,2021,Highway,437.89
Jiangsu,2020,Highway,676.64
Jiangsu,2019,Highway,944.75
Jiangsu,2018,Highway,970.25
Jiangsu,2017,Highway,1045.66
Jiangsu,2016,Highway,1134.94
Jiangsu,2015,Highway,1198.00
Jiangsu,2014,Highway,1372.70
Jiangsu,2013,Highway,1355.55
Jiangsu,2012,Highway,2553.58
Jiangsu,2011,Highway,2356.73
Jiangsu,2010,Highway,2158.50
Jiangsu,2009,Highway,1910.01
Jiangsu,2008,Highway,1740.00
Jiangxi,2021,Highway,149.78
Jiangxi,2020,Highway,336.43
Jiangxi,2019,Highway,459.33
Jiangxi,2018,Highway,493.02
Jiangxi,2017,Highway,525.06
Jiangxi,2016,Highway,533.66
Jiangxi,2015,Highway,536.87
Jiangxi,2014,Highway,596.74
Jiangxi,2013,Highway,579.15
Jiangxi,2012,Highway,776.50
Jiangxi,2011,Highway,725.27
Jiangxi,2010,Highway,706.28
Jiangxi,2009,Highway,647.70
Jiangxi,2008,Highway,605.73
Jilin,2021,Highway,91.55
Jilin,2020,Highway,114.38
Jilin,2019,Highway,228.81
Jilin,2018,Highway,233.72
Jilin,2017,Highway,252.03
Jilin,2016,Highway,271.86
Jilin,2015,Highway,290.13
Jilin,2014,Highway,278.66
Jilin,2013,Highway,274.03
Jilin,2012,Highway,661.75
Jilin,2011,Highway,618.30
Jilin,2010,Highway,585.77
Jilin,2009,Highway,527.23
Jilin,2008,Highway,505.11
Liaoning,2021,Highway,193.62
Liaoning,2020,Highway,262.11
Liaoning,2019,Highway,545.99
Liaoning,2018,Highway,563.55
Liaoning,2017,Highway,576.65
Liaoning,2016,Highway,590.54
Liaoning,2015,Highway,602.69
Liaoning,2014,Highway,807.89
Liaoning,2013,Highway,781.68
Liaoning,2012,Highway,906.50
Liaoning,2011,Highway,860.13
Liaoning,2010,Highway,876.99
Liaoning,2009,Highway,815.85
Liaoning,2008,Highway,775.10
Ningxia,2021,Highway,27.13
Ningxia,2020,Highway,29.03
Ningxia,2019,Highway,49.05
Ningxia,2018,Highway,53.42
Ningxia,2017,Highway,65.18
Ningxia,2016,Highway,79.10
Ningxia,2015,Highway,84.44
Ningxia,2014,Highway,83.11
Ningxia,2013,Highway,75.68
Ningxia,2012,Highway,156.66
Ningxia,2011,Highway,144.40
Ningxia,2010,Highway,129.19
Ningxia,2009,Highway,120.34
Ningxia,2008,Highway,113.63
Qinghai,2021,Highway,15.90
Qinghai,2020,Highway,33.14
Qinghai,2019,Highway,50.71
Qinghai,2018,Highway,50.92
Qinghai,2017,Highway,50.70
Qinghai,2016,Highway,48.73
Qinghai,2015,Highway,45.96
Qinghai,2014,Highway,47.69
Qinghai,2013,Highway,41.40
Qinghai,2012,Highway,121.00
Qinghai,2011,Highway,113.08
Qinghai,2010,Highway,104.39
Qinghai,2009,Highway,96.03
Qinghai,2008,Highway,89.96
Shaanxi,2021,Highway,127.94
Shaanxi,2020,Highway,295.81
Shaanxi,2019,Highway,590.15
Shaanxi,2018,Highway,602.69
Shaanxi,2017,Highway,585.80
Shaanxi,2016,Highway,610.93
Shaanxi,2015,Highway,614.36
Shaanxi,2014,Highway,667.20
Shaanxi,2013,Highway,636.50
Shaanxi,2012,Highway,1056.47
Shaanxi,2011,Highway,1010.62
Shaanxi,2010,Highway,874.57
Shaanxi,2009,Highway,790.33
Shaanxi,2008,Highway,705.66
Shandong,2021,Highway,151.39
Shandong,2020,Highway,194.75
Shandong,2019,Highway,495.81
Shandong,2018,Highway,500.44
Shandong,2017,Highway,491.11
Shandong,2016,Highway,488.23
Shandong,2015,Highway,469.60
Shandong,2014,Highway,620.52
Shandong,2013,Highway,640.19
Shandong,2012,Highway,2547.11
Shandong,2011,Highway,2414.57
Shandong,2010,Highway,2400.44
Shandong,2009,Highway,2261.34
Shandong,2008,Highway,2059.17
Shanghai,2021,Highway,14.80
Shanghai,2020,Highway,13.32
Shanghai,2019,Highway,31.68
Shanghai,2018,Highway,31.51
Shanghai,2017,Highway,34.20
Shanghai,2016,Highway,34.02
Shanghai,2015,Highway,37.66
Shanghai,2014,Highway,37.54
Shanghai,2013,Highway,34.76
Shanghai,2012,Highway,37.48
Shanghai,2011,Highway,34.77
Shanghai,2010,Highway,36.34
Shanghai,2009,Highway,29.95
Shanghai,2008,Highway,29.34
Shanxi,2021,Highway,52.80
Shanxi,2020,Highway,74.59
Shanxi,2019,Highway,140.10
Shanxi,2018,Highway,157.19
Shanxi,2017,Highway,173.33
Shanxi,2016,Highway,187.02
Shanxi,2015,Highway,220.85
Shanxi,2014,Highway,270.91
Shanxi,2013,Highway,284.87
Shanxi,2012,Highway,336.62
Shanxi,2011,Highway,328.66
Shanxi,2010,Highway,326.06
Shanxi,2009,Highway,311.22
Shanxi,2008,Highway,313.97
Sichuan,2021,Highway,453.49
Sichuan,2020,Highway,452.58
Sichuan,2019,Highway,723.87
Sichuan,2018,Highway,814.62
Sichuan,2017,Highway,940.98
Sichuan,2016,Highway,1097.16
Sichuan,2015,Highway,1240.14
Sichuan,2014,Highway,1266.91
Sichuan,2013,Highway,1241.45
Sichuan,2012,Highway,2663.38
Sichuan,2011,Highway,2426.15
Sichuan,2010,Highway,2309.88
Sichuan,2009,Highway,2112.88
Sichuan,2008,Highway,1960.55
Tianjin,2021,Highway,89.16
Tianjin,2020,Highway,79.26
Tianjin,2019,Highway,122.06
Tianjin,2018,Highway,122.59
Tianjin,2017,Highway,125.38
Tianjin,2016,Highway,137.41
Tianjin,2015,Highway,142.19
Tianjin,2014,Highway,145.30
Tianjin,2013,Highway,145.56
Tianjin,2012,Highway,244.83
Tianjin,2011,Highway,220.54
Tianjin,2010,Highway,218.83
Tianjin,2009,Highway,210.90
Tianjin,2008,Highway,208.50
Tibet,2021,Highway,6.12
Tibet,2020,Highway,5.76
Tibet,2019,Highway,10.20
Tibet,2018,Highway,10.47
Tibet,2017,Highway,9.99
Tibet,2016,Highway,8.89
Tibet,2015,Highway,8.71
Tibet,2014,Highway,14.08
Tibet,2013,Highway,13.26
Tibet,2012,Highway,37.39
Tibet,2011,Highway,36.59
Tibet,2010,Highway,80.66
Tibet,2009,Highway,77.59
Tibet,2008,Highway,67.86
Xinjiang,2021,Highway,134.83
Xinjiang,2020,Highway,49.48
Xinjiang,2019,Highway,157.26
Xinjiang,2018,Highway,173.94
Xinjiang,2017,Highway,235.68
Xinjiang,2016,Highway,289.93
Xinjiang,2015,Highway,332.29
Xinjiang,2014,Highway,348.47
Xinjiang,2013,Highway,386.40
Xinjiang,2012,Highway,362.06
Xinjiang,2011,Highway,331.66
Xinjiang,2010,Highway,304.13
Xinjiang,2009,Highway,285.41
Xinjiang,2008,Highway,315.06
Yunnan,2021,Highway,149.73
Yunnan,2020,Highway,192.32
Yunnan,2019,Highway,306.81
Yunnan,2018,Highway,346.42
Yunnan,2017,Highway,385.69
Yunnan,2016,Highway,412.08
Yunnan,2015,Highway,436.88
Yunnan,2014,Highway,445.02
Yunnan,2013,Highway,433.92
Yunnan,2012,Highway,448.39
Yunnan,2011,Highway,413.94
Yunnan,2010,Highway,362.30
Yunnan,2009,Highway,327.75
Yunnan,2008,Highway,311.57
Zhejiang,2021,Highway,242.46
Zhejiang,2020,Highway,388.61
Zhejiang,2019,Highway,727.99
Zhejiang,2018,Highway,720.13
Zhejiang,2017,Highway,800.99
Zhejiang,2016,Highway,830.33
Zhejiang,2015,Highway,923.04
Zhejiang,2014,Highway,1129.15
Zhejiang,2013,Highway,1211.85
Zhejiang,2012,Highway,2205.17
Zhejiang,2011,Highway,2184.15
Zhejiang,2010,Highway,2157.08
Zhejiang,2009,Highway,1883.64
Zhejiang,2008,Highway,2061.10
Anhui,2021,Railway,111.18
Anhui,2020,Railway,94.79
Anhui,2019,Railway,134.10
Anhui,2018,Railway,123.37
Anhui,2017,Railway,114.87
Anhui,2016,Railway,103.70
Anhui,2015,Railway,85.53
Anhui,2014,Railway,79.72
Anhui,2013,Railway,72.10
Anhui,2012,Railway,63.85
Anhui,2011,Railway,59.80
Anhui,2010,Railway,55.52
Anhui,2009,Railway,51.31
Anhui,2008,Railway,46.62
Beijing,2021,Railway,86.07
Beijing,2020,Railway,63.88
Beijing,2019,Railway,148.25
Beijing,2018,Railway,143.57
Beijing,2017,Railway,139.31
Beijing,2016,Railway,134.79
Beijing,2015,Railway,129.18
Beijing,2014,Railway,127.09
Beijing,2013,Railway,116.80
Beijing,2012,Railway,103.98
Beijing,2011,Railway,98.00
Beijing,2010,Railway,89.15
Beijing,2009,Railway,81.61
Beijing,2008,Railway,76.46
Chongqing,2021,Railway,64.97
Chongqing,2020,Railway,52.32
Chongqing,2019,Railway,84.07
Chongqing,2018,Railway,77.07
Chongqing,2017,Railway,63.49
Chongqing,2016,Railway,49.11
Chongqing,2015,Railway,39.94
Chongqing,2014,Railway,40.57
Chongqing,2013,Railway,32.51
Chongqing,2012,Railway,30.40
Chongqing,2011,Railway,29.34
Chongqing,2010,Railway,26.64
Chongqing,2009,Railway,26.05
Chongqing,2008,Railway,24.74
Fujian,2021,Railway,83.50
Fujian,2020,Railway,75.39
Fujian,2019,Railway,127.41
Fujian,2018,Railway,120.96
Fujian,2017,Railway,116.24
Fujian,2016,Railway,104.96
Fujian,2015,Railway,92.56
Fujian,2014,Railway,83.45
Fujian,2013,Railway,65.01
Fujian,2012,Railway,52.95
Fujian,2011,Railway,46.95
Fujian,2010,Railway,36.40
Fujian,2009,Railway,20.83
Fujian,2008,Railway,20.66
Gansu,2021,Railway,46.01
Gansu,2020,Railway,41.53
Gansu,2019,Railway,59.69
Gansu,2018,Railway,54.73
Gansu,2017,Railway,44.67
Gansu,2016,Railway,36.04
Gansu,2015,Railway,31.23
Gansu,2014,Railway,26.72
Gansu,2013,Railway,25.22
Gansu,2012,Railway,23.83
Gansu,2011,Railway,24.51
Gansu,2010,Railway,22.73
Gansu,2009,Railway,21.21
Gansu,2008,Railway,19.11
Guangdong,2021,Railway,244.52
Guangdong,2020,Railway,230.60
Guangdong,2019,Railway,386.99
Guangdong,2018,Railway,341.21
Guangdong,2017,Railway,287.66
Guangdong,2016,Railway,256.03
Guangdong,2015,Railway,231.49
Guangdong,2014,Railway,209.42
Guangdong,2013,Railway,176.58
Guangdong,2012,Railway,150.31
Guangdong,2011,Railway,144.41
Guangdong,2010,Railway,116.74
Guangdong,2009,Railway,103.61
Guangdong,2008,Railway,106.13
Guangxi,2021,Railway,90.88
Guangxi,2020,Railway,78.38
Guangxi,2019,Railway,117.77
Guangxi,2018,Railway,111.00
Guangxi,2017,Railway,98.38
Guangxi,2016,Railway,83.88
Guangxi,2015,Railway,70.46
Guangxi,2014,Railway,47.70
Guangxi,2013,Railway,32.75
Guangxi,2012,Railway,33.10
Guangxi,2011,Railway,33.83
Guangxi,2010,Railway,31.48
Guangxi,2009,Railway,28.86
Guangxi,2008,Railway,26.23
Guizhou,2021,Railway,64.81
Guizhou,2020,Railway,55.36
Guizhou,2019,Railway,71.96
Guizhou,2018,Railway,67.61
Guizhou,2017,Railway,57.96
Guizhou,2016,Railway,51.69
Guizhou,2015,Railway,49.01
Guizhou,2014,Railway,44.09
Guizhou,2013,Railway,43.22
Guizhou,2012,Railway,39.02
Guizhou,2011,Railway,39.39
Guizhou,2010,Railway,34.37
Guizhou,2009,Railway,32.04
Guizhou,2008,Railway,31.99
Hainan,2021,Railway,27.71
Hainan,2020,Railway,22.08
Hainan,2019,Railway,30.85
Hainan,2018,Railway,29.58
Hainan,2017,Railway,26.74
Hainan,2016,Railway,22.92
Hainan,2015,Railway,16.51
Hainan,2014,Railway,15.43
Hainan,2013,Railway,13.89
Hainan,2012,Railway,11.62
Hainan,2011,Railway,10.74
Hainan,2010,Railway,0.84
Hainan,2009,Railway,0.68
Hainan,2008,Railway,0.65
Hebei,2021,Railway,79.31
Hebei,2020,Railway,71.02
Hebei,2019,Railway,130.13
Hebei,2018,Railway,122.11
Hebei,2017,Railway,115.27
Hebei,2016,Railway,107.71
Hebei,2015,Railway,97.06
Hebei,2014,Railway,95.71
Hebei,2013,Railway,87.62
Hebei,2012,Railway,78.46
Hebei,2011,Railway,76.01
Hebei,2010,Railway,75.58
Hebei,2009,Railway,71.94
Hebei,2008,Railway,68.16
Heilongjiang,2021,Railway,48.67
Heilongjiang,2020,Railway,45.90
Heilongjiang,2019,Railway,112.23
Heilongjiang,2018,Railway,105.22
Heilongjiang,2017,Railway,104.12
Heilongjiang,2016,Railway,104.80
Heilongjiang,2015,Railway,98.65
Heilongjiang,2014,Railway,100.96
Heilongjiang,2013,Railway,101.07
Heilongjiang,2012,Railway,105.24
Heilongjiang,2011,Railway,107.45
Heilongjiang,2010,Railway,106.02
Heilongjiang,2009,Railway,101.33
Heilongjiang,2008,Railway,100.12
Henan,2021,Railway,131.26
Henan,2020,Railway,114.15
Henan,2019,Railway,177.09
Henan,2018,Railway,163.83
Henan,2017,Railway,152.52
Henan,2016,Railway,138.25
Henan,2015,Railway,122.00
Henan,2014,Railway,116.47
Henan,2013,Railway,105.32
Henan,2012,Railway,92.13
Henan,2011,Railway,88.04
Henan,2010,Railway,83.38
Henan,2009,Railway,77.18
Henan,2008,Railway,74.76
Hubei,2021,Railway,116.27
Hubei,2020,Railway,81.48
Hubei,2019,Railway,172.16
Hubei,2018,Railway,167.13
Hubei,2017,Railway,157.47
Hubei,2016,Railway,141.97
Hubei,2015,Railway,135.08
Hubei,2014,Railway,123.79
Hubei,2013,Railway,104.10
Hubei,2012,Railway,82.66
Hubei,2011,Railway,70.83
Hubei,2010,Railway,60.13
Hubei,2009,Railway,52.60
Hubei,2008,Railway,49.18
Hunan,2021,Railway,128.65
Hunan,2020,Railway,113.92
Hunan,2019,Railway,156.26
Hunan,2018,Railway,139.43
Hunan,2017,Railway,128.72
Hunan,2016,Railway,115.18
Hunan,2015,Railway,105.11
Hunan,2014,Railway,98.06
Hunan,2013,Railway,92.31
Hunan,2012,Railway,86.01
Hunan,2011,Railway,80.64
Hunan,2010,Railway,72.50
Hunan,2009,Railway,64.66
Hunan,2008,Railway,62.84
Inner Mongolia,2021,Railway,35.97
Inner Mongolia,2020,Railway,32.98
Inner Mongolia,2019,Railway,56.40
Inner Mongolia,2018,Railway,54.46
Inner Mongolia,2017,Railway,54.46
Inner Mongolia,2016,Railway,53.88
Inner Mongolia,2015,Railway,51.08
Inner Mongolia,2014,Railway,47.89
Inner Mongolia,2013,Railway,46.35
Inner Mongolia,2012,Railway,43.20
Inner Mongolia,2011,Railway,42.07
Inner Mongolia,2010,Railway,42.13
Inner Mongolia,2009,Railway,40.79
Inner Mongolia,2008,Railway,38.61
Jiangsu,2021,Railway,213.67
Jiangsu,2020,Railway,160.84
Jiangsu,2019,Railway,237.39
Jiangsu,2018,Railway,212.04
Jiangsu,2017,Railway,197.86
Jiangsu,2016,Railway,178.14
Jiangsu,2015,Railway,161.16
Jiangsu,2014,Railway,153.74
Jiangsu,2013,Railway,134.35
Jiangsu,2012,Railway,117.58
Jiangsu,2011,Railway,106.03
Jiangsu,2010,Railway,97.11
Jiangsu,2009,Railway,91.67
Jiangsu,2008,Railway,88.46
Jiangxi,2021,Railway,91.67
Jiangxi,2020,Railway,81.57
Jiangxi,2019,Railway,119.38
Jiangxi,2018,Railway,111.31
Jiangxi,2017,Railway,102.24
Jiangxi,2016,Railway,92.49
Jiangxi,2015,Railway,84.58
Jiangxi,2014,Railway,78.40
Jiangxi,2013,Railway,69.45
Jiangxi,2012,Railway,63.35
Jiangxi,2011,Railway,61.52
Jiangxi,2010,Railway,55.88
Jiangxi,2009,Railway,54.70
Jiangxi,2008,Railway,52.14
Jilin,2021,Railway,42.16
Jilin,2020,Railway,38.32
Jilin,2019,Railway,86.23
Jilin,2018,Railway,84.46
Jilin,2017,Railway,76.63
Jilin,2016,Railway,75.67
Jilin,2015,Railway,71.58
Jilin,2014,Railway,69.35
Jilin,2013,Railway,66.29
Jilin,2012,Railway,62.63
Jilin,2011,Railway,61.41
Jilin,2010,Railway,57.70
Jilin,2009,Railway,56.87
Jilin,2008,Railway,53.20
Liaoning,2021,Railway,77.78
Liaoning,2020,Railway,71.00
Liaoning,2019,Railway,151.37
Liaoning,2018,Railway,144.22
Liaoning,2017,Railway,142.66
Liaoning,2016,Railway,140.40
Liaoning,2015,Railway,129.19
Liaoning,2014,Railway,128.41
Liaoning,2013,Railway,130.33
Liaoning,2012,Railway,120.45
Liaoning,2011,Railway,120.44
Liaoning,2010,Railway,133.36
Liaoning,2009,Railway,133.77
Liaoning,2008,Railway,120.04
Ningxia,2021,Railway,7.20
Ningxia,2020,Railway,5.58
Ningxia,2019,Railway,6.66
Ningxia,2018,Railway,6.53
Ningxia,2017,Railway,6.50
Ningxia,2016,Railway,6.59
Ningxia,2015,Railway,6.61
Ningxia,2014,Railway,6.57
Ningxia,2013,Railway,5.94
Ningxia,2012,Railway,5.35
Ningxia,2011,Railway,5.43
Ningxia,2010,Railway,5.39
Ningxia,2009,Railway,5.13
Ningxia,2008,Railway,4.57
Qinghai,2021,Railway,8.21
Qinghai,2020,Railway,7.62
Qinghai,2019,Railway,11.48
Qinghai,2018,Railway,12.56
Qinghai,2017,Railway,11.34
Qinghai,2016,Railway,9.94
Qinghai,2015,Railway,9.36
Qinghai,2014,Railway,6.15
Qinghai,2013,Railway,5.92
Qinghai,2012,Railway,5.44
Qinghai,2011,Railway,5.20
Qinghai,2010,Railway,4.74
Qinghai,2009,Railway,4.30
Qinghai,2008,Railway,4.07
Shaanxi,2021,Railway,77.28
Shaanxi,2020,Railway,70.44
Shaanxi,2019,Railway,114.61
Shaanxi,2018,Railway,109.53
Shaanxi,2017,Railway,89.08
Shaanxi,2016,Railway,83.02
Shaanxi,2015,Railway,78.66
Shaanxi,2014,Railway,70.77
Shaanxi,2013,Railway,61.23
Shaanxi,2012,Railway,57.57
Shaanxi,2011,Railway,56.14
Shaanxi,2010,Railway,54.11
Shaanxi,2009,Railway,50.08
Shaanxi,2008,Railway,52.18
Shandong,2021,Railway,137.90
Shandong,2020,Railway,104.57
Shandong,2019,Railway,173.25
Shandong,2018,Railway,153.56
Shandong,2017,Railway,141.51
Shandong,2016,Railway,126.39
Shandong,2015,Railway,113.97
Shandong,2014,Railway,103.04
Shandong,2013,Railway,92.46
Shandong,2012,Railway,83.47
Shandong,2011,Railway,73.27
Shandong,2010,Railway,66.79
Shandong,2009,Railway,61.36
Shandong,2008,Railway,56.69
Shanghai,2021,Railway,92.84
Shanghai,2020,Railway,76.05
Shanghai,2019,Railway,128.34
Shanghai,2018,Railway,122.67
Shanghai,2017,Railway,116.17
Shanghai,2016,Railway,106.09
Shanghai,2015,Railway,96.92
Shanghai,2014,Railway,91.94
Shanghai,2013,Railway,79.72
Shanghai,2012,Railway,67.58
Shanghai,2011,Railway,61.98
Shanghai,2010,Railway,60.95
Shanghai,2009,Railway,51.61
Shanghai,2008,Railway,53.43
Shanxi,2021,Railway,64.54
Shanxi,2020,Railway,48.90
Shanxi,2019,Railway,81.53
Shanxi,2018,Railway,79.58
Shanxi,2017,Railway,76.64
Shanxi,2016,Railway,75.30
Shanxi,2015,Railway,74.18
Shanxi,2014,Railway,69.49
Shanxi,2013,Railway,62.94
Shanxi,2012,Railway,62.08
Shanxi,2011,Railway,62.19
Shanxi,2010,Railway,57.54
Shanxi,2009,Railway,53.20
Shanxi,2008,Railway,47.40
Sichuan,2021,Railway,140.73
Sichuan,2020,Railway,112.96
Sichuan,2019,Railway,173.52
Sichuan,2018,Railway,151.16
Sichuan,2017,Railway,126.31
Sichuan,2016,Railway,114.56
Sichuan,2015,Railway,92.07
Sichuan,2014,Railway,89.05
Sichuan,2013,Railway,82.40
Sichuan,2012,Railway,79.97
Sichuan,2011,Railway,131.47
Sichuan,2010,Railway,81.48
Sichuan,2009,Railway,59.03
Sichuan,2008,Railway,59.39
Tianjin,2021,Railway,34.06
Tianjin,2020,Railway,26.36
Tianjin,2019,Railway,53.32
Tianjin,2018,Railway,50.75
Tianjin,2017,Railway,47.92
Tianjin,2016,Railway,45.43
Tianjin,2015,Railway,40.54
Tianjin,2014,Railway,36.87
Tianjin,2013,Railway,33.52
Tianjin,2012,Railway,29.70
Tianjin,2011,Railway,28.29
Tianjin,2010,Railway,25.94
Tianjin,2009,Railway,22.32
Tianjin,2008,Railway,19.44
Tibet,2021,Railway,3.27
Tibet,2020,Railway,2.49
Tibet,2019,Railway,3.45
Tibet,2018,Railway,3.52
Tibet,2017,Railway,3.20
Tibet,2016,Railway,2.65
Tibet,2015,Railway,2.21
Tibet,2014,Railway,1.63
Tibet,2013,Railway,1.29
Tibet,2012,Railway,1.10
Tibet,2011,Railway,1.10
Tibet,2010,Railway,0.99
Tibet,2009,Railway,0.85
Tibet,2008,Railway,0.70
Xinjiang,2021,Railway,25.43
Xinjiang,2020,Railway,20.12
Xinjiang,2019,Railway,45.50
Xinjiang,2018,Railway,38.10
Xinjiang,2017,Railway,35.15
Xinjiang,2016,Railway,31.55
Xinjiang,2015,Railway,27.19
Xinjiang,2014,Railway,23.29
Xinjiang,2013,Railway,22.86
Xinjiang,2012,Railway,21.25
Xinjiang,2011,Railway,19.64
Xinjiang,2010,Railway,15.24
Xinjiang,2009,Railway,13.45
Xinjiang,2008,Railway,12.87
Yunnan,2021,Railway,52.53
Yunnan,2020,Railway,44.40
Yunnan,2019,Railway,65.53
Yunnan,2018,Railway,55.00
Yunnan,2017,Railway,47.54
Yunnan,2016,Railway,40.56
Yunnan,2015,Railway,39.49
Yunnan,2014,Railway,34.79
Yunnan,2013,Railway,31.89
Yunnan,2012,Railway,27.62
Yunnan,2011,Railway,27.27
Yunnan,2010,Railway,24.46
Yunnan,2009,Railway,21.23
Yunnan,2008,Railway,21.10
Zhejiang,2021,Railway,182.63
Zhejiang,2020,Railway,158.54
Zhejiang,2019,Railway,243.09
Zhejiang,2018,Railway,218.70
Zhejiang,2017,Railway,201.14
Zhejiang,2016,Railway,180.35
Zhejiang,2015,Railway,152.24
Zhejiang,2014,Railway,136.48
Zhejiang,2013,Railway,110.52
Zhejiang,2012,Railway,91.44
Zhejiang,2011,Railway,88.88
Zhejiang,2010,Railway,80.83
Zhejiang,2009,Railway,70.24
Zhejiang,2008,Railway,70.00
Anhui,2021,Waterway,1.61
Anhui,2020,Waterway,1.11
Anhui,2019,Waterway,2.22
Anhui,2018,Waterway,2.4
Anhui,2017,Waterway,2.53
Anhui,2016,Waterway,2.13
Anhui,2015,Waterway,1.85
Anhui,2014,Waterway,1.78
Anhui,2013,Waterway,0.67
Anhui,2012,Waterway,1.59
Anhui,2011,Waterway,1.55
Anhui,2010,Waterway,1.39
Anhui,2009,Waterway,1.14
Anhui,2008,Waterway,1.53
Beijing,2021,Waterway,0
Beijing,2020,Waterway,0
Beijing,2019,Waterway,0
Beijing,2018,Waterway,0
Beijing,2017,Waterway,0
Beijing,2016,Waterway,0
Beijing,2015,Waterway,0
Beijing,2014,Waterway,0
Beijing,2013,Waterway,0
Beijing,2012,Waterway,0
Beijing,2011,Waterway,0
Beijing,2010,Waterway,0
Beijing,2009,Waterway,0
Beijing,2008,Waterway,0
Chongqing,2021,Waterway,6.1
Chongqing,2020,Waterway,5.23
Chongqing,2019,Waterway,7.56
Chongqing,2018,Waterway,7.31
Chongqing,2017,Waterway,8.66
Chongqing,2016,Waterway,7.5
Chongqing,2015,Waterway,7.32
Chongqing,2014,Waterway,7.12
Chongqing,2013,Waterway,6.89
Chongqing,2012,Waterway,12.56
Chongqing,2011,Waterway,13.22
Chongqing,2010,Waterway,12.77
Chongqing,2009,Waterway,12.26
Chongqing,2008,Waterway,15.78
Fujian,2021,Waterway,7.42
Fujian,2020,Waterway,7.42
Fujian,2019,Waterway,18.21
Fujian,2018,Waterway,19.29
Fujian,2017,Waterway,19.25
Fujian,2016,Waterway,20.16
Fujian,2015,Waterway,19.96
Fujian,2014,Waterway,17.94
Fujian,2013,Waterway,17.11
Fujian,2012,Waterway,17.02
Fujian,2011,Waterway,15.95
Fujian,2010,Waterway,14.44
Fujian,2009,Waterway,13.4
Fujian,2008,Waterway,13.05
Gansu,2021,Waterway,0.79
Gansu,2020,Waterway,0.55
Gansu,2019,Waterway,0.8
Gansu,2018,Waterway,0.78
Gansu,2017,Waterway,0.9
Gansu,2016,Waterway,0.9
Gansu,2015,Waterway,0.9
Gansu,2014,Waterway,0.89
Gansu,2013,Waterway,0.85
Gansu,2012,Waterway,0.94
Gansu,2011,Waterway,0.96
Gansu,2010,Waterway,0.94
Gansu,2009,Waterway,0.92
Gansu,2008,Waterway,0.93
Guangdong,2021,Waterway,15.8
Guangdong,2020,Waterway,13.45
Guangdong,2019,Waterway,26.14
Guangdong,2018,Waterway,27.75
Guangdong,2017,Waterway,27.33
Guangdong,2016,Waterway,26.48
Guangdong,2015,Waterway,27.27
Guangdong,2014,Waterway,26.13
Guangdong,2013,Waterway,21.57
Guangdong,2012,Waterway,27.25
Guangdong,2011,Waterway,25.94
Guangdong,2010,Waterway,22.41
Guangdong,2009,Waterway,18.73
Guangdong,2008,Waterway,15.9
Guangxi,2021,Waterway,5.04
Guangxi,2020,Waterway,3.38
Guangxi,2019,Waterway,7.7
Guangxi,2018,Waterway,6.97
Guangxi,2017,Waterway,6.57
Guangxi,2016,Waterway,5.61
Guangxi,2015,Waterway,5.33
Guangxi,2014,Waterway,5.12
Guangxi,2013,Waterway,3.94
Guangxi,2012,Waterway,4.7
Guangxi,2011,Waterway,4.17
Guangxi,2010,Waterway,3.95
Guangxi,2009,Waterway,3.02
Guangxi,2008,Waterway,3.4
Guizhou,2021,Waterway,3.7
Guizhou,2020,Waterway,10.17
Guizhou,2019,Waterway,23.05
Guizhou,2018,Waterway,22.11
Guizhou,2017,Waterway,21.98
Guizhou,2016,Waterway,20.96
Guizhou,2015,Waterway,20.19
Guizhou,2014,Waterway,19.31
Guizhou,2013,Waterway,17.55
Guizhou,2012,Waterway,24.53
Guizhou,2011,Waterway,21.86
Guizhou,2010,Waterway,19.3
Guizhou,2009,Waterway,17.33
Guizhou,2008,Waterway,15.07
Hainan,2021,Waterway,13.17
Hainan,2020,Waterway,11.52
Hainan,2019,Waterway,17.36
Hainan,2018,Waterway,17.88
Hainan,2017,Waterway,18.79
Hainan,2016,Waterway,16.99
Hainan,2015,Waterway,17.14
Hainan,2014,Waterway,16.24
Hainan,2013,Waterway,13.56
Hainan,2012,Waterway,15.81
Hainan,2011,Waterway,14.73
Hainan,2010,Waterway,13.4
Hainan,2009,Waterway,12.06
Hainan,2008,Waterway,13.1
Hebei,2021,Waterway,0
Hebei,2020,Waterway,0
Hebei,2019,Waterway,0.01
Hebei,2018,Waterway,0.02
Hebei,2017,Waterway,0.02
Hebei,2016,Waterway,0.05
Hebei,2015,Waterway,0.05
Hebei,2014,Waterway,0.04
Hebei,2013,Waterway,0
Hebei,2012,Waterway,0
Hebei,2011,Waterway,0
Hebei,2010,Waterway,0
Hebei,2009,Waterway,0
Hebei,2008,Waterway,0
Heilongjiang,2021,Waterway,1.35
Heilongjiang,2020,Waterway,0.99
Heilongjiang,2019,Waterway,3.17
Heilongjiang,2018,Waterway,3.07
Heilongjiang,2017,Waterway,3.41
Heilongjiang,2016,Waterway,3.55
Heilongjiang,2015,Waterway,3.72
Heilongjiang,2014,Waterway,3.66
Heilongjiang,2013,Waterway,3.57
Heilongjiang,2012,Waterway,3.29
Heilongjiang,2011,Waterway,3.12
Heilongjiang,2010,Waterway,2.92
Heilongjiang,2009,Waterway,2.85
Heilongjiang,2008,Waterway,1.76
Henan,2021,Waterway,2.03
Henan,2020,Waterway,1.72
Henan,2019,Waterway,3.07
Henan,2018,Waterway,3.31
Henan,2017,Waterway,3.45
Henan,2016,Waterway,2.89
Henan,2015,Waterway,2.8
Henan,2014,Waterway,2.54
Henan,2013,Waterway,2.55
Henan,2012,Waterway,2.49
Henan,2011,Waterway,2.68
Henan,2010,Waterway,2.55
Henan,2009,Waterway,2.06
Henan,2008,Waterway,1.9
Hubei,2021,Waterway,3.14
Hubei,2020,Waterway,2.33
Hubei,2019,Waterway,6.32
Hubei,2018,Waterway,6.48
Hubei,2017,Waterway,6.25
Hubei,2016,Waterway,5.72
Hubei,2015,Waterway,5.74
Hubei,2014,Waterway,5.48
Hubei,2013,Waterway,4.42
Hubei,2012,Waterway,4.44
Hubei,2011,Waterway,3.68
Hubei,2010,Waterway,3.82
Hubei,2009,Waterway,3.71
Hubei,2008,Waterway,3.88
Hunan,2021,Waterway,7.64
Hunan,2020,Waterway,8.4
Hunan,2019,Waterway,16.41
Hunan,2018,Waterway,17.29
Hunan,2017,Waterway,16.74
Hunan,2016,Waterway,16.15
Hunan,2015,Waterway,15.34
Hunan,2014,Waterway,14.49
Hunan,2013,Waterway,14.8
Hunan,2012,Waterway,13.49
Hunan,2011,Waterway,13.27
Hunan,2010,Waterway,9.19
Hunan,2009,Waterway,7.47
Hunan,2008,Waterway,5.09
Inner Mongolia,2021,Waterway,0
Inner Mongolia,2020,Waterway,0
Inner Mongolia,2019,Waterway,0
Inner Mongolia,2018,Waterway,0
Inner Mongolia,2017,Waterway,0
Inner Mongolia,2016,Waterway,0
Inner Mongolia,2015,Waterway,0
Inner Mongolia,2014,Waterway,0
Inner Mongolia,2013,Waterway,0
Inner Mongolia,2012,Waterway,0
Inner Mongolia,2011,Waterway,0
Inner Mongolia,2010,Waterway,0
Inner Mongolia,2009,Waterway,0
Inner Mongolia,2008,Waterway,0
Jiangsu,2021,Waterway,21.4
Jiangsu,2020,Waterway,15.62
Jiangsu,2019,Waterway,20.84
Jiangsu,2018,Waterway,23.83
Jiangsu,2017,Waterway,24.31
Jiangsu,2016,Waterway,22.72
Jiangsu,2015,Waterway,23.92
Jiangsu,2014,Waterway,25.63
Jiangsu,2013,Waterway,24.54
Jiangsu,2012,Waterway,5.94
Jiangsu,2011,Waterway,5.79
Jiangsu,2010,Waterway,5.12
Jiangsu,2009,Waterway,5.45
Jiangsu,2008,Waterway,5.37
Jiangxi,2021,Waterway,1.59
Jiangxi,2020,Waterway,1.13
Jiangxi,2019,Waterway,1.98
Jiangxi,2018,Waterway,2.53
Jiangxi,2017,Waterway,2.68
Jiangxi,2016,Waterway,2.61
Jiangxi,2015,Waterway,2.73
Jiangxi,2014,Waterway,2.81
Jiangxi,2013,Waterway,2.07
Jiangxi,2012,Waterway,2.55
Jiangxi,2011,Waterway,2.51
Jiangxi,2010,Waterway,2.31
Jiangxi,2009,Waterway,2.56
Jiangxi,2008,Waterway,1.08
Jilin,2021,Waterway,0.98
Jilin,2020,Waterway,0.38
Jilin,2019,Waterway,0.94
Jilin,2018,Waterway,1.39
Jilin,2017,Waterway,1.23
Jilin,2016,Waterway,1.56
Jilin,2015,Waterway,1.88
Jilin,2014,Waterway,2.03
Jilin,2013,Waterway,1.16
Jilin,2012,Waterway,2.41
Jilin,2011,Waterway,2.19
Jilin,2010,Waterway,1.39
Jilin,2009,Waterway,1.7
Jilin,2008,Waterway,1.98
Liaoning,2021,Waterway,2.68
Liaoning,2020,Waterway,2.28
Liaoning,2019,Waterway,5.3
Liaoning,2018,Waterway,5.66
Liaoning,2017,Waterway,5.52
Liaoning,2016,Waterway,5.38
Liaoning,2015,Waterway,5.04
Liaoning,2014,Waterway,5.42
Liaoning,2013,Waterway,5.34
Liaoning,2012,Waterway,5.88
Liaoning,2011,Waterway,5.49
Liaoning,2010,Waterway,4.9
Liaoning,2009,Waterway,5.43
Liaoning,2008,Waterway,5.98
Ningxia,2021,Waterway,1.41
Ningxia,2020,Waterway,0.99
Ningxia,2019,Waterway,1.83
Ningxia,2018,Waterway,1.42
Ningxia,2017,Waterway,1.77
Ningxia,2016,Waterway,1.88
Ningxia,2015,Waterway,1.95
Ningxia,2014,Waterway,2.19
Ningxia,2013,Waterway,2.56
Ningxia,2012,Waterway,1.42
Ningxia,2011,Waterway,1.21
Ningxia,2010,Waterway,1.02
Ningxia,2009,Waterway,0.82
Ningxia,2008,Waterway,0.48
Qinghai,2021,Waterway,0.63
Qinghai,2020,Waterway,0.59
Qinghai,2019,Waterway,0.94
Qinghai,2018,Waterway,0.95
Qinghai,2017,Waterway,0.7
Qinghai,2016,Waterway,0.66
Qinghai,2015,Waterway,0.7
Qinghai,2014,Waterway,0.6
Qinghai,2013,Waterway,0.58
Qinghai,2012,Waterway,0.48
Qinghai,2011,Waterway,0.42
Qinghai,2010,Waterway,0.38
Qinghai,2009,Waterway,0.38
Qinghai,2008,Waterway,0.21
Shaanxi,2021,Waterway,0.66
Shaanxi,2020,Waterway,1.73
Shaanxi,2019,Waterway,2.85
Shaanxi,2018,Waterway,3.61
Shaanxi,2017,Waterway,3.93
Shaanxi,2016,Waterway,4.25
Shaanxi,2015,Waterway,3.78
Shaanxi,2014,Waterway,3.91
Shaanxi,2013,Waterway,3.6
Shaanxi,2012,Waterway,3.69
Shaanxi,2011,Waterway,3.56
Shaanxi,2010,Waterway,3.03
Shaanxi,2009,Waterway,2.62
Shaanxi,2008,Waterway,2.44
Shandong,2021,Waterway,10.47
Shandong,2020,Waterway,8.25
Shandong,2019,Waterway,20.14
Shandong,2018,Waterway,20.44
Shandong,2017,Waterway,20.37
Shandong,2016,Waterway,20
Shandong,2015,Waterway,19.99
Shandong,2014,Waterway,20.22
Shandong,2013,Waterway,18.09
Shandong,2012,Waterway,25.74
Shandong,2011,Waterway,24.03
Shandong,2010,Waterway,26.35
Shandong,2009,Waterway,22.94
Shandong,2008,Waterway,20
Shanghai,2021,Waterway,3.61
Shanghai,2020,Waterway,2.97
Shanghai,2019,Waterway,4.41
Shanghai,2018,Waterway,4.27
Shanghai,2017,Waterway,4.48
Shanghai,2016,Waterway,4.04
Shanghai,2015,Waterway,3.86
Shanghai,2014,Waterway,3.69
Shanghai,2013,Waterway,2.43
Shanghai,2012,Waterway,3.53
Shanghai,2011,Waterway,3.58
Shanghai,2010,Waterway,5.04
Shanghai,2009,Waterway,14.15
Shanghai,2008,Waterway,2.3
Shanxi,2021,Waterway,0.76
Shanxi,2020,Waterway,1.08
Shanxi,2019,Waterway,1.42
Shanxi,2018,Waterway,1.61
Shanxi,2017,Waterway,1.58
Shanxi,2016,Waterway,1.42
Shanxi,2015,Waterway,1.09
Shanxi,2014,Waterway,1.28
Shanxi,2013,Waterway,1.18
Shanxi,2012,Waterway,1.17
Shanxi,2011,Waterway,1.23
Shanxi,2010,Waterway,0.64
Shanxi,2009,Waterway,0.32
Shanxi,2008,Waterway,0.41
Sichuan,2021,Waterway,8.65
Sichuan,2020,Waterway,9.54
Sichuan,2019,Waterway,19.3
Sichuan,2018,Waterway,19.91
Sichuan,2017,Waterway,23.64
Sichuan,2016,Waterway,25.73
Sichuan,2015,Waterway,27.48
Sichuan,2014,Waterway,26.78
Sichuan,2013,Waterway,23.9
Sichuan,2012,Waterway,32.76
Sichuan,2011,Waterway,30.83
Sichuan,2010,Waterway,27.32
Sichuan,2009,Waterway,28.29
Sichuan,2008,Waterway,27.39
Tianjin,2021,Waterway,0.7
Tianjin,2020,Waterway,0.4
Tianjin,2019,Waterway,1.41
Tianjin,2018,Waterway,1.16
Tianjin,2017,Waterway,1.1
Tianjin,2016,Waterway,0.93
Tianjin,2015,Waterway,0.72
Tianjin,2014,Waterway,0.83
Tianjin,2013,Waterway,0.87
Tianjin,2012,Waterway,0.76
Tianjin,2011,Waterway,0.51
Tianjin,2010,Waterway,0.48
Tianjin,2009,Waterway,0.15
Tianjin,2008,Waterway,0.23
Tibet,2021,Waterway,0
Tibet,2020,Waterway,0
Tibet,2019,Waterway,0
Tibet,2018,Waterway,0
Tibet,2017,Waterway,0
Tibet,2016,Waterway,0
Tibet,2015,Waterway,0
Tibet,2014,Waterway,0
Tibet,2013,Waterway,0
Tibet,2012,Waterway,0
Tibet,2011,Waterway,0
Tibet,2010,Waterway,0
Tibet,2009,Waterway,0
Tibet,2008,Waterway,0
Xinjiang,2021,Waterway,0
Xinjiang,2020,Waterway,0
Xinjiang,2019,Waterway,0
Xinjiang,2018,Waterway,0
Xinjiang,2017,Waterway,0
Xinjiang,2016,Waterway,0
Xinjiang,2015,Waterway,0
Xinjiang,2014,Waterway,0
Xinjiang,2013,Waterway,0
Xinjiang,2012,Waterway,0
Xinjiang,2011,Waterway,0
Xinjiang,2010,Waterway,0
Xinjiang,2009,Waterway,0
Xinjiang,2008,Waterway,0
Yunnan,2021,Waterway,3.57
Yunnan,2020,Waterway,5.05
Yunnan,2019,Waterway,11.47
Yunnan,2018,Waterway,13.42
Yunnan,2017,Waterway,12.99
Yunnan,2016,Waterway,12.55
Yunnan,2015,Waterway,11.57
Yunnan,2014,Waterway,10.99
Yunnan,2013,Waterway,10.45
Yunnan,2012,Waterway,8.55
Yunnan,2011,Waterway,8.42
Yunnan,2010,Waterway,7.31
Yunnan,2009,Waterway,6.58
Yunnan,2008,Waterway,6.39
Zhejiang,2021,Waterway,38.46
Zhejiang,2020,Waterway,33.6
Zhejiang,2019,Waterway,47.85
Zhejiang,2018,Waterway,44.97
Zhejiang,2017,Waterway,42.84
Zhejiang,2016,Waterway,39.5
Zhejiang,2015,Waterway,38.41
Zhejiang,2014,Waterway,35.81
Zhejiang,2013,Waterway,31.11
Zhejiang,2012,Waterway,34.54
Zhejiang,2011,Waterway,34.66
Zhejiang,2010,Waterway,31.55
Zhejiang,2009,Waterway,36.8
Zhejiang,2008,Waterway,37.69