Region,Year,Total Healthcare Institutions,Type of Healthcare Institution,Number of Healthcare Institutions
North,2022,172096,Hospitals,5706
North,2022,172096,General Hospitals,3100
North,2022,172096,Traditional Chinese Medicine Specialize Hospitals,866
North,2022,172096,Specialized Hospitals,1452
North,2022,172096,Grassroot Level Health Care Institutions,164187
North,2022,172096,Community Health Service Centers,6547
North,2022,172096,Urban Health Centers,0
North,2022,172096,Township Health Service Centers,4654
North,2022,172096,Village Clinics,102210
North,2022,172096,Outpatient Department,50526
North,2022,172096,Specialized Public Health Institutions,1659
North,2022,172096,Center for Disease Control & Prevention,488
North,2022,172096,Specialized Disease Prevention & Treatment Institution,51
North,2022,172096,Women & Children Care Agencies,462
North,2022,172096,Health Inspection Institution,448
North,2021,170892,Hospitals,5704
North,2021,170892,General Hospitals,3136
North,2021,170892,Traditional Chinese Medicine Specialize Hospitals,854
North,2021,170892,Specialized Hospitals,1437
North,2021,170892,Grassroot Level Health Care Institutions,163080
North,2021,170892,Community Health Service Centers,6472
North,2021,170892,Urban Health Centers,0
North,2021,170892,Township Health Service Centers,4666
North,2021,170892,Village Clinics,104060
North,2021,170892,Outpatient Department,47628
North,2021,170892,Specialized Public Health Institutions,1649
North,2021,170892,Center for Disease Control & Prevention,485
North,2021,170892,Specialized Disease Prevention & Treatment Institution,56
North,2021,170892,Women & Children Care Agencies,460
North,2021,170892,Health Inspection Institution,457
North,2020,169065,Hospitals,5516
North,2020,169065,General Hospitals,3067
North,2020,169065,Traditional Chinese Medicine Specialize Hospitals,822
North,2020,169065,Specialized Hospitals,1360
North,2020,169065,Grassroot Level Health Care Institutions,161406
North,2020,169065,Community Health Service Centers,6273
North,2020,169065,Urban Health Centers,0
North,2020,169065,Township Health Service Centers,4701
North,2020,169065,Village Clinics,104681
North,2020,169065,Outpatient Department,45485
North,2020,169065,Specialized Public Health Institutions,1707
North,2020,169065,Center for Disease Control & Prevention,491
North,2020,169065,Specialized Disease Prevention & Treatment Institution,76
North,2020,169065,Women & Children Care Agencies,466
North,2020,169065,Health Inspection Institution,461
North,2019,167675,Hospitals,5424
North,2019,167675,General Hospitals,3042
North,2019,167675,Traditional Chinese Medicine Specialize Hospitals,806
North,2019,167675,Specialized Hospitals,1324
North,2019,167675,Grassroot Level Health Care Institutions,160041
North,2019,167675,Community Health Service Centers,6183
North,2019,167675,Urban Health Centers,0
North,2019,167675,Township Health Service Centers,4720
North,2019,167675,Village Clinics,105776
North,2019,167675,Outpatient Department,43081
North,2019,167675,Specialized Public Health Institutions,1776
North,2019,167675,Center for Disease Control & Prevention,492
North,2019,167675,Specialized Disease Prevention & Treatment Institution,99
North,2019,167675,Women & Children Care Agencies,470
North,2019,167675,Health Inspection Institution,458
North,2018,167521,Hospitals,5362
North,2018,167521,General Hospitals,3066
North,2018,167521,Traditional Chinese Medicine Specialize Hospitals,787
North,2018,167521,Specialized Hospitals,1265
North,2018,167521,Grassroot Level Health Care Institutions,159942
North,2018,167521,Community Health Service Centers,6099
North,2018,167521,Urban Health Centers,0
North,2018,167521,Township Health Service Centers,4760
North,2018,167521,Village Clinics,105928
North,2018,167521,Outpatient Department,42854
North,2018,167521,Specialized Public Health Institutions,1827
North,2018,167521,Center for Disease Control & Prevention,493
North,2018,167521,Specialized Disease Prevention & Treatment Institution,109
North,2018,167521,Women & Children Care Agencies,475
North,2018,167521,Health Inspection Institution,456
North,2017,163135,Hospitals,5091
North,2017,163135,General Hospitals,2914
North,2017,163135,Traditional Chinese Medicine Specialize Hospitals,756
North,2017,163135,Specialized Hospitals,1204
North,2017,163135,Grassroot Level Health Care Institutions,155706
North,2017,163135,Community Health Service Centers,5949
North,2017,163135,Urban Health Centers,0
North,2017,163135,Township Health Service Centers,4735
North,2017,163135,Village Clinics,108029
North,2017,163135,Outpatient Department,36683
North,2017,163135,Specialized Public Health Institutions,1971
North,2017,163135,Center for Disease Control & Prevention,494
North,2017,163135,Specialized Disease Prevention & Treatment Institution,110
North,2017,163135,Women & Children Care Agencies,480
North,2017,163135,Health Inspection Institution,462
North,2016,160217,Hospitals,4790
North,2016,160217,General Hospitals,2731
North,2016,160217,Traditional Chinese Medicine Specialize Hospitals,728
North,2016,160217,Specialized Hospitals,1148
North,2016,160217,Grassroot Level Health Care Institutions,152649
North,2016,160217,Community Health Service Centers,5821
North,2016,160217,Urban Health Centers,0
North,2016,160217,Township Health Service Centers,4789
North,2016,160217,Village Clinics,108287
North,2016,160217,Outpatient Department,33481
North,2016,160217,Specialized Public Health Institutions,2382
North,2016,160217,Center for Disease Control & Prevention,498
North,2016,160217,Specialized Disease Prevention & Treatment Institution,113
North,2016,160217,Women & Children Care Agencies,479
North,2016,160217,Health Inspection Institution,461
North,2015,158476,Hospitals,4552
North,2015,158476,General Hospitals,2671
North,2015,158476,Traditional Chinese Medicine Specialize Hospitals,679
North,2015,158476,Specialized Hospitals,1045
North,2015,158476,Grassroot Level Health Care Institutions,150709
North,2015,158476,Community Health Service Centers,5748
North,2015,158476,Urban Health Centers,373
North,2015,158476,Township Health Service Centers,4673
North,2015,158476,Village Clinics,107441
North,2015,158476,Outpatient Department,32474
North,2015,158476,Specialized Public Health Institutions,2652
North,2015,158476,Center for Disease Control & Prevention,500
North,2015,158476,Specialized Disease Prevention & Treatment Institution,111
North,2015,158476,Women & Children Care Agencies,490
North,2015,158476,Health Inspection Institution,462
North,2014,157726,Hospitals,4195
North,2014,157726,General Hospitals,2461
North,2014,157726,Traditional Chinese Medicine Specialize Hospitals,630
North,2014,157726,Specialized Hospitals,961
North,2014,157726,Grassroot Level Health Care Institutions,149907
North,2014,157726,Community Health Service Centers,5668
North,2014,157726,Urban Health Centers,455
North,2014,157726,Township Health Service Centers,4642
North,2014,157726,Village Clinics,108685
North,2014,157726,Outpatient Department,30457
North,2014,157726,Specialized Public Health Institutions,3042
North,2014,157726,Center for Disease Control & Prevention,502
North,2014,157726,Specialized Disease Prevention & Treatment Institution,111
North,2014,157726,Women & Children Care Agencies,513
North,2014,157726,Health Inspection Institution,462
North,2013,156395,Hospitals,3982
North,2013,156395,General Hospitals,2338
North,2013,156395,Traditional Chinese Medicine Specialize Hospitals,607
North,2013,156395,Specialized Hospitals,902
North,2013,156395,Grassroot Level Health Care Institutions,148757
North,2013,156395,Community Health Service Centers,5511
North,2013,156395,Urban Health Centers,468
North,2013,156395,Township Health Service Centers,4638
North,2013,156395,Village Clinics,109715
North,2013,156395,Outpatient Department,28425
North,2013,156395,Specialized Public Health Institutions,2994
North,2013,156395,Center for Disease Control & Prevention,503
North,2013,156395,Specialized Disease Prevention & Treatment Institution,114
North,2013,156395,Women & Children Care Agencies,555
North,2013,156395,Health Inspection Institution,470
North,2012,156540,Hospitals,3860
North,2012,156540,General Hospitals,2274
North,2012,156540,Traditional Chinese Medicine Specialize Hospitals,584
North,2012,156540,Specialized Hospitals,874
North,2012,156540,Grassroot Level Health Care Institutions,150561
North,2012,156540,Community Health Service Centers,5488
North,2012,156540,Urban Health Centers,481
North,2012,156540,Township Health Service Centers,4646
North,2012,156540,Village Clinics,111934
North,2012,156540,Outpatient Department,28012
North,2012,156540,Specialized Public Health Institutions,1714
North,2012,156540,Center for Disease Control & Prevention,503
North,2012,156540,Specialized Disease Prevention & Treatment Institution,115
North,2012,156540,Women & Children Care Agencies,476
North,2012,156540,Health Inspection Institution,466
North,2011,157355,Hospitals,3787
North,2011,157355,General Hospitals,2272
North,2011,157355,Traditional Chinese Medicine Specialize Hospitals,573
North,2011,157355,Specialized Hospitals,824
North,2011,157355,Grassroot Level Health Care Institutions,151437
North,2011,157355,Community Health Service Centers,5274
North,2011,157355,Urban Health Centers,488
North,2011,157355,Township Health Service Centers,4649
North,2011,157355,Village Clinics,113404
North,2011,157355,Outpatient Department,27622
North,2011,157355,Specialized Public Health Institutions,1729
North,2011,157355,Center for Disease Control & Prevention,519
North,2011,157355,Specialized Disease Prevention & Treatment Institution,114
North,2011,157355,Women & Children Care Agencies,475
North,2011,157355,Health Inspection Institution,466
North,2010,159019,Hospitals,3712
North,2010,159019,General Hospitals,2244
North,2010,159019,Traditional Chinese Medicine Specialize Hospitals,561
North,2010,159019,Specialized Hospitals,797
North,2010,159019,Grassroot Level Health Care Institutions,153181
North,2010,159019,Community Health Service Centers,5413
North,2010,159019,Urban Health Centers,518
North,2010,159019,Township Health Service Centers,4654
North,2010,159019,Village Clinics,114857
North,2010,159019,Outpatient Department,27739
North,2010,159019,Specialized Public Health Institutions,1719
North,2010,159019,Center for Disease Control & Prevention,523
North,2010,159019,Specialized Disease Prevention & Treatment Institution,115
North,2010,159019,Women & Children Care Agencies,478
North,2010,159019,Health Inspection Institution,457
North,2009,157529,Hospitals,3532
North,2009,157529,General Hospitals,2134
North,2009,157529,Traditional Chinese Medicine Specialize Hospitals,532
North,2009,157529,Specialized Hospitals,760
North,2009,157529,Grassroot Level Health Care Institutions,0
North,2009,157529,Community Health Service Centers,4884
North,2009,157529,Urban Health Centers,450
North,2009,157529,Township Health Service Centers,4787
North,2009,157529,Village Clinics,113951
North,2009,157529,Outpatient Department,27820
North,2009,157529,Specialized Public Health Institutions,0
North,2009,157529,Center for Disease Control & Prevention,533
North,2009,157529,Specialized Disease Prevention & Treatment Institution,115
North,2009,157529,Women & Children Care Agencies,478
North,2009,157529,Health Inspection Institution,450
North,2008,41506,Hospitals,3383
North,2008,41506,General Hospitals,2097
North,2008,41506,Traditional Chinese Medicine Specialize Hospitals,490
North,2008,41506,Specialized Hospitals,694
North,2008,41506,Grassroot Level Health Care Institutions,0
North,2008,41506,Community Health Service Centers,4262
North,2008,41506,Urban Health Centers,48
North,2008,41506,Township Health Service Centers,5112
North,2008,41506,Village Clinics,0
North,2008,41506,Outpatient Department,26801
North,2008,41506,Specialized Public Health Institutions,0
North,2008,41506,Center for Disease Control & Prevention,513
North,2008,41506,Specialized Disease Prevention & Treatment Institution,110
North,2008,41506,Women & Children Care Agencies,474
North,2008,41506,Health Inspection Institution,0
North,2007,46825,Hospitals,0
North,2007,46825,General Hospitals,0
North,2007,46825,Traditional Chinese Medicine Specialize Hospitals,0
North,2007,46825,Specialized Hospitals,0
North,2007,46825,Grassroot Level Health Care Institutions,0
North,2007,46825,Community Health Service Centers,0
North,2007,46825,Urban Health Centers,0
North,2007,46825,Township Health Service Centers,0
North,2007,46825,Village Clinics,0
North,2007,46825,Outpatient Department,32531
North,2007,46825,Specialized Public Health Institutions,0
North,2007,46825,Center for Disease Control & Prevention,570
North,2007,46825,Specialized Disease Prevention & Treatment Institution,0
North,2007,46825,Women & Children Care Agencies,509
North,2007,46825,Health Inspection Institution,0
North,2006,42711,Hospitals,0
North,2006,42711,General Hospitals,0
North,2006,42711,Traditional Chinese Medicine Specialize Hospitals,0
North,2006,42711,Specialized Hospitals,0
North,2006,42711,Grassroot Level Health Care Institutions,0
North,2006,42711,Community Health Service Centers,0
North,2006,42711,Urban Health Centers,0
North,2006,42711,Township Health Service Centers,0
North,2006,42711,Village Clinics,0
North,2006,42711,Outpatient Department,30856
North,2006,42711,Specialized Public Health Institutions,0
North,2006,42711,Center for Disease Control & Prevention,531
North,2006,42711,Specialized Disease Prevention & Treatment Institution,0
North,2006,42711,Women & Children Care Agencies,470
North,2006,42711,Health Inspection Institution,0
North,2005,42395,Hospitals,0
North,2005,42395,General Hospitals,0
North,2005,42395,Traditional Chinese Medicine Specialize Hospitals,0
North,2005,42395,Specialized Hospitals,0
North,2005,42395,Grassroot Level Health Care Institutions,0
North,2005,42395,Community Health Service Centers,0
North,2005,42395,Urban Health Centers,0
North,2005,42395,Township Health Service Centers,0
North,2005,42395,Village Clinics,0
North,2005,42395,Outpatient Department,30642
North,2005,42395,Specialized Public Health Institutions,0
North,2005,42395,Center for Disease Control & Prevention,547
North,2005,42395,Specialized Disease Prevention & Treatment Institution,0
North,2005,42395,Women & Children Care Agencies,472
North,2005,42395,Health Inspection Institution,0
North,2004,42081,Hospitals,0
North,2004,42081,General Hospitals,0
North,2004,42081,Traditional Chinese Medicine Specialize Hospitals,0
North,2004,42081,Specialized Hospitals,0
North,2004,42081,Grassroot Level Health Care Institutions,0
North,2004,42081,Community Health Service Centers,0
North,2004,42081,Urban Health Centers,0
North,2004,42081,Township Health Service Centers,0
North,2004,42081,Village Clinics,83377
North,2004,42081,Outpatient Department,30350
North,2004,42081,Specialized Public Health Institutions,0
North,2004,42081,Center for Disease Control & Prevention,555
North,2004,42081,Specialized Disease Prevention & Treatment Institution,0
North,2004,42081,Women & Children Care Agencies,471
North,2004,42081,Health Inspection Institution,0
Northeast,2022,78309,Hospitals,3514
Northeast,2022,78309,General Hospitals,1949
Northeast,2022,78309,Traditional Chinese Medicine Specialize Hospitals,550
Northeast,2022,78309,Specialized Hospitals,950
Northeast,2022,78309,Grassroot Level Health Care Institutions,73198
Northeast,2022,78309,Community Health Service Centers,2332
Northeast,2022,78309,Urban Health Centers,0
Northeast,2022,78309,Township Health Service Centers,2747
Northeast,2022,78309,Village Clinics,35015
Northeast,2022,78309,Outpatient Department,33082
Northeast,2022,78309,Specialized Public Health Institutions,1283
Northeast,2022,78309,Center for Disease Control & Prevention,327
Northeast,2022,78309,Specialized Disease Prevention & Treatment Institution,129
Northeast,2022,78309,Women & Children Care Agencies,270
Northeast,2022,78309,Health Inspection Institution,286
Northeast,2021,78973,Hospitals,3456
Northeast,2021,78973,General Hospitals,1926
Northeast,2021,78973,Traditional Chinese Medicine Specialize Hospitals,515
Northeast,2021,78973,Specialized Hospitals,946
Northeast,2021,78973,Grassroot Level Health Care Institutions,73846
Northeast,2021,78973,Community Health Service Centers,2381
Northeast,2021,78973,Urban Health Centers,0
Northeast,2021,78973,Township Health Service Centers,2751
Northeast,2021,78973,Village Clinics,35826
Northeast,2021,78973,Outpatient Department,32867
Northeast,2021,78973,Specialized Public Health Institutions,1372
Northeast,2021,78973,Center for Disease Control & Prevention,321
Northeast,2021,78973,Specialized Disease Prevention & Treatment Institution,138
Northeast,2021,78973,Women & Children Care Agencies,274
Northeast,2021,78973,Health Inspection Institution,296
Northeast,2020,80208,Hospitals,3297
Northeast,2020,80208,General Hospitals,1885
Northeast,2020,80208,Traditional Chinese Medicine Specialize Hospitals,481
Northeast,2020,80208,Specialized Hospitals,860
Northeast,2020,80208,Grassroot Level Health Care Institutions,75251
Northeast,2020,80208,Community Health Service Centers,2256
Northeast,2020,80208,Urban Health Centers,0
Northeast,2020,80208,Township Health Service Centers,2750
Northeast,2020,80208,Village Clinics,37590
Northeast,2020,80208,Outpatient Department,32624
Northeast,2020,80208,Specialized Public Health Institutions,1406
Northeast,2020,80208,Center for Disease Control & Prevention,322
Northeast,2020,80208,Specialized Disease Prevention & Treatment Institution,182
Northeast,2020,80208,Women & Children Care Agencies,290
Northeast,2020,80208,Health Inspection Institution,228
Northeast,2019,76811,Hospitals,3305
Northeast,2019,76811,General Hospitals,1917
Northeast,2019,76811,Traditional Chinese Medicine Specialize Hospitals,476
Northeast,2019,76811,Specialized Hospitals,842
Northeast,2019,76811,Grassroot Level Health Care Institutions,71670
Northeast,2019,76811,Community Health Service Centers,2252
Northeast,2019,76811,Urban Health Centers,0
Northeast,2019,76811,Township Health Service Centers,2749
Northeast,2019,76811,Village Clinics,38026
Northeast,2019,76811,Outpatient Department,28615
Northeast,2019,76811,Specialized Public Health Institutions,1537
Northeast,2019,76811,Center for Disease Control & Prevention,332
Northeast,2019,76811,Specialized Disease Prevention & Treatment Institution,206
Northeast,2019,76811,Women & Children Care Agencies,308
Northeast,2019,76811,Health Inspection Institution,195
Northeast,2018,79069,Hospitals,3254
Northeast,2018,79069,General Hospitals,1907
Northeast,2018,79069,Traditional Chinese Medicine Specialize Hospitals,455
Northeast,2018,79069,Specialized Hospitals,828
Northeast,2018,79069,Grassroot Level Health Care Institutions,73608
Northeast,2018,79069,Community Health Service Centers,2315
Northeast,2018,79069,Urban Health Centers,0
Northeast,2018,79069,Township Health Service Centers,2781
Northeast,2018,79069,Village Clinics,39768
Northeast,2018,79069,Outpatient Department,28721
Northeast,2018,79069,Specialized Public Health Institutions,1814
Northeast,2018,79069,Center for Disease Control & Prevention,353
Northeast,2018,79069,Specialized Disease Prevention & Treatment Institution,222
Northeast,2018,79069,Women & Children Care Agencies,317
Northeast,2018,79069,Health Inspection Institution,254
Northeast,2017,76878,Hospitals,3011
Northeast,2017,76878,General Hospitals,1797
Northeast,2017,76878,Traditional Chinese Medicine Specialize Hospitals,394
Northeast,2017,76878,Specialized Hospitals,766
Northeast,2017,76878,Grassroot Level Health Care Institutions,71585
Northeast,2017,76878,Community Health Service Centers,2255
Northeast,2017,76878,Urban Health Centers,0
Northeast,2017,76878,Township Health Service Centers,2776
Northeast,2017,76878,Village Clinics,40469
Northeast,2017,76878,Outpatient Department,26059
Northeast,2017,76878,Specialized Public Health Institutions,1925
Northeast,2017,76878,Center for Disease Control & Prevention,362
Northeast,2017,76878,Specialized Disease Prevention & Treatment Institution,242
Northeast,2017,76878,Women & Children Care Agencies,323
Northeast,2017,76878,Health Inspection Institution,269
Northeast,2016,77335,Hospitals,2883
Northeast,2016,77335,General Hospitals,1753
Northeast,2016,77335,Traditional Chinese Medicine Specialize Hospitals,361
Northeast,2016,77335,Specialized Hospitals,722
Northeast,2016,77335,Grassroot Level Health Care Institutions,71776
Northeast,2016,77335,Community Health Service Centers,2213
Northeast,2016,77335,Urban Health Centers,0
Northeast,2016,77335,Township Health Service Centers,2776
Northeast,2016,77335,Village Clinics,41676
Northeast,2016,77335,Outpatient Department,25079
Northeast,2016,77335,Specialized Public Health Institutions,2319
Northeast,2016,77335,Center for Disease Control & Prevention,369
Northeast,2016,77335,Specialized Disease Prevention & Treatment Institution,248
Northeast,2016,77335,Women & Children Care Agencies,320
Northeast,2016,77335,Health Inspection Institution,268
Northeast,2015,76600,Hospitals,2648
Northeast,2015,76600,General Hospitals,1634
Northeast,2015,76600,Traditional Chinese Medicine Specialize Hospitals,326
Northeast,2015,76600,Specialized Hospitals,647
Northeast,2015,76600,Grassroot Level Health Care Institutions,70900
Northeast,2015,76600,Community Health Service Centers,2269
Northeast,2015,76600,Urban Health Centers,26
Northeast,2015,76600,Township Health Service Centers,2773
Northeast,2015,76600,Village Clinics,41447
Northeast,2015,76600,Outpatient Department,24385
Northeast,2015,76600,Specialized Public Health Institutions,2688
Northeast,2015,76600,Center for Disease Control & Prevention,366
Northeast,2015,76600,Specialized Disease Prevention & Treatment Institution,250
Northeast,2015,76600,Women & Children Care Agencies,322
Northeast,2015,76600,Health Inspection Institution,265
Northeast,2014,76561,Hospitals,2546
Northeast,2014,76561,General Hospitals,1602
Northeast,2014,76561,Traditional Chinese Medicine Specialize Hospitals,309
Northeast,2014,76561,Specialized Hospitals,601
Northeast,2014,76561,Grassroot Level Health Care Institutions,70878
Northeast,2014,76561,Community Health Service Centers,2267
Northeast,2014,76561,Urban Health Centers,17
Northeast,2014,76561,Township Health Service Centers,2777
Northeast,2014,76561,Village Clinics,42707
Northeast,2014,76561,Outpatient Department,23110
Northeast,2014,76561,Specialized Public Health Institutions,2822
Northeast,2014,76561,Center for Disease Control & Prevention,368
Northeast,2014,76561,Specialized Disease Prevention & Treatment Institution,248
Northeast,2014,76561,Women & Children Care Agencies,326
Northeast,2014,76561,Health Inspection Institution,265
Northeast,2013,76894,Hospitals,2474
Northeast,2013,76894,General Hospitals,1571
Northeast,2013,76894,Traditional Chinese Medicine Specialize Hospitals,305
Northeast,2013,76894,Specialized Hospitals,562
Northeast,2013,76894,Grassroot Level Health Care Institutions,71372
Northeast,2013,76894,Community Health Service Centers,2271
Northeast,2013,76894,Urban Health Centers,18
Northeast,2013,76894,Township Health Service Centers,2785
Northeast,2013,76894,Village Clinics,43311
Northeast,2013,76894,Outpatient Department,22987
Northeast,2013,76894,Specialized Public Health Institutions,2761
Northeast,2013,76894,Center for Disease Control & Prevention,396
Northeast,2013,76894,Specialized Disease Prevention & Treatment Institution,251
Northeast,2013,76894,Women & Children Care Agencies,326
Northeast,2013,76894,Health Inspection Institution,253
Northeast,2012,76684,Hospitals,2432
Northeast,2012,76684,General Hospitals,1570
Northeast,2012,76684,Traditional Chinese Medicine Specialize Hospitals,299
Northeast,2012,76684,Specialized Hospitals,529
Northeast,2012,76684,Grassroot Level Health Care Institutions,72523
Northeast,2012,76684,Community Health Service Centers,2250
Northeast,2012,76684,Urban Health Centers,28
Northeast,2012,76684,Township Health Service Centers,2766
Northeast,2012,76684,Village Clinics,45036
Northeast,2012,76684,Outpatient Department,22443
Northeast,2012,76684,Specialized Public Health Institutions,1405
Northeast,2012,76684,Center for Disease Control & Prevention,371
Northeast,2012,76684,Specialized Disease Prevention & Treatment Institution,252
Northeast,2012,76684,Women & Children Care Agencies,325
Northeast,2012,76684,Health Inspection Institution,328
Northeast,2011,76763,Hospitals,2302
Northeast,2011,76763,General Hospitals,1493
Northeast,2011,76763,Traditional Chinese Medicine Specialize Hospitals,295
Northeast,2011,76763,Specialized Hospitals,485
Northeast,2011,76763,Grassroot Level Health Care Institutions,72736
Northeast,2011,76763,Community Health Service Centers,2350
Northeast,2011,76763,Urban Health Centers,39
Northeast,2011,76763,Township Health Service Centers,2714
Northeast,2011,76763,Village Clinics,45750
Northeast,2011,76763,Outpatient Department,21883
Northeast,2011,76763,Specialized Public Health Institutions,1398
Northeast,2011,76763,Center for Disease Control & Prevention,386
Northeast,2011,76763,Specialized Disease Prevention & Treatment Institution,252
Northeast,2011,76763,Women & Children Care Agencies,330
Northeast,2011,76763,Health Inspection Institution,306
Northeast,2010,76263,Hospitals,2306
Northeast,2010,76263,General Hospitals,1503
Northeast,2010,76263,Traditional Chinese Medicine Specialize Hospitals,294
Northeast,2010,76263,Specialized Hospitals,478
Northeast,2010,76263,Grassroot Level Health Care Institutions,72236
Northeast,2010,76263,Community Health Service Centers,4058
Northeast,2010,76263,Urban Health Centers,55
Northeast,2010,76263,Township Health Service Centers,2723
Northeast,2010,76263,Village Clinics,43594
Northeast,2010,76263,Outpatient Department,21806
Northeast,2010,76263,Specialized Public Health Institutions,1388
Northeast,2010,76263,Center for Disease Control & Prevention,387
Northeast,2010,76263,Specialized Disease Prevention & Treatment Institution,252
Northeast,2010,76263,Women & Children Care Agencies,327
Northeast,2010,76263,Health Inspection Institution,303
Northeast,2009,75097,Hospitals,2307
Northeast,2009,75097,General Hospitals,1509
Northeast,2009,75097,Traditional Chinese Medicine Specialize Hospitals,298
Northeast,2009,75097,Specialized Hospitals,469
Northeast,2009,75097,Grassroot Level Health Care Institutions,0
Northeast,2009,75097,Community Health Service Centers,3830
Northeast,2009,75097,Urban Health Centers,66
Northeast,2009,75097,Township Health Service Centers,2767
Northeast,2009,75097,Village Clinics,42588
Northeast,2009,75097,Outpatient Department,21875
Northeast,2009,75097,Specialized Public Health Institutions,0
Northeast,2009,75097,Center for Disease Control & Prevention,390
Northeast,2009,75097,Specialized Disease Prevention & Treatment Institution,257
Northeast,2009,75097,Women & Children Care Agencies,322
Northeast,2009,75097,Health Inspection Institution,247
Northeast,2008,32214,Hospitals,2333
Northeast,2008,32214,General Hospitals,1530
Northeast,2008,32214,Traditional Chinese Medicine Specialize Hospitals,310
Northeast,2008,32214,Specialized Hospitals,460
Northeast,2008,32214,Grassroot Level Health Care Institutions,0
Northeast,2008,32214,Community Health Service Centers,3445
Northeast,2008,32214,Urban Health Centers,79
Northeast,2008,32214,Township Health Service Centers,2723
Northeast,2008,32214,Village Clinics,0
Northeast,2008,32214,Outpatient Department,22006
Northeast,2008,32214,Specialized Public Health Institutions,0
Northeast,2008,32214,Center for Disease Control & Prevention,393
Northeast,2008,32214,Specialized Disease Prevention & Treatment Institution,255
Northeast,2008,32214,Women & Children Care Agencies,317
Northeast,2008,32214,Health Inspection Institution,0
Northeast,2007,32966,Hospitals,0
Northeast,2007,32966,General Hospitals,0
Northeast,2007,32966,Traditional Chinese Medicine Specialize Hospitals,0
Northeast,2007,32966,Specialized Hospitals,0
Northeast,2007,32966,Grassroot Level Health Care Institutions,0
Northeast,2007,32966,Community Health Service Centers,0
Northeast,2007,32966,Urban Health Centers,0
Northeast,2007,32966,Township Health Service Centers,0
Northeast,2007,32966,Village Clinics,0
Northeast,2007,32966,Outpatient Department,22598
Northeast,2007,32966,Specialized Public Health Institutions,0
Northeast,2007,32966,Center for Disease Control & Prevention,403
Northeast,2007,32966,Specialized Disease Prevention & Treatment Institution,0
Northeast,2007,32966,Women & Children Care Agencies,323
Northeast,2007,32966,Health Inspection Institution,0
Northeast,2006,33753,Hospitals,0
Northeast,2006,33753,General Hospitals,0
Northeast,2006,33753,Traditional Chinese Medicine Specialize Hospitals,0
Northeast,2006,33753,Specialized Hospitals,0
Northeast,2006,33753,Grassroot Level Health Care Institutions,0
Northeast,2006,33753,Community Health Service Centers,0
Northeast,2006,33753,Urban Health Centers,0
Northeast,2006,33753,Township Health Service Centers,0
Northeast,2006,33753,Village Clinics,0
Northeast,2006,33753,Outpatient Department,23169
Northeast,2006,33753,Specialized Public Health Institutions,0
Northeast,2006,33753,Center for Disease Control & Prevention,398
Northeast,2006,33753,Specialized Disease Prevention & Treatment Institution,0
Northeast,2006,33753,Women & Children Care Agencies,326
Northeast,2006,33753,Health Inspection Institution,0
Northeast,2005,32006,Hospitals,0
Northeast,2005,32006,General Hospitals,0
Northeast,2005,32006,Traditional Chinese Medicine Specialize Hospitals,0
Northeast,2005,32006,Specialized Hospitals,0
Northeast,2005,32006,Grassroot Level Health Care Institutions,0
Northeast,2005,32006,Community Health Service Centers,0
Northeast,2005,32006,Urban Health Centers,0
Northeast,2005,32006,Township Health Service Centers,0
Northeast,2005,32006,Village Clinics,0
Northeast,2005,32006,Outpatient Department,22247
Northeast,2005,32006,Specialized Public Health Institutions,0
Northeast,2005,32006,Center for Disease Control & Prevention,397
Northeast,2005,32006,Specialized Disease Prevention & Treatment Institution,0
Northeast,2005,32006,Women & Children Care Agencies,333
Northeast,2005,32006,Health Inspection Institution,0
Northeast,2004,30679,Hospitals,0
Northeast,2004,30679,General Hospitals,0
Northeast,2004,30679,Traditional Chinese Medicine Specialize Hospitals,0
Northeast,2004,30679,Specialized Hospitals,0
Northeast,2004,30679,Grassroot Level Health Care Institutions,0
Northeast,2004,30679,Community Health Service Centers,0
Northeast,2004,30679,Urban Health Centers,0
Northeast,2004,30679,Township Health Service Centers,0
Northeast,2004,30679,Village Clinics,41421
Northeast,2004,30679,Outpatient Department,21469
Northeast,2004,30679,Specialized Public Health Institutions,0
Northeast,2004,30679,Center for Disease Control & Prevention,402
Northeast,2004,30679,Specialized Disease Prevention & Treatment Institution,0
Northeast,2004,30679,Women & Children Care Agencies,336
Northeast,2004,30679,Health Inspection Institution,0
East,2022,260373,Hospitals,9736
East,2022,260373,General Hospitals,4887
East,2022,260373,Traditional Chinese Medicine Specialize Hospitals,1107
East,2022,260373,Specialized Hospitals,2829
East,2022,260373,Grassroot Level Health Care Institutions,246220
East,2022,260373,Community Health Service Centers,13815
East,2022,260373,Urban Health Centers,0
East,2022,260373,Township Health Service Centers,7262
East,2022,260373,Village Clinics,138159
East,2022,260373,Outpatient Department,86906
East,2022,260373,Specialized Public Health Institutions,2966
East,2022,260373,Center for Disease Control & Prevention,793
East,2022,260373,Specialized Disease Prevention & Treatment Institution,276
East,2022,260373,Women & Children Care Agencies,724
East,2022,260373,Health Inspection Institution,675
East,2021,258602,Hospitals,9583
East,2021,258602,General Hospitals,4905
East,2021,258602,Traditional Chinese Medicine Specialize Hospitals,1077
East,2021,258602,Specialized Hospitals,2744
East,2021,258602,Grassroot Level Health Care Institutions,244434
East,2021,258602,Community Health Service Centers,14018
East,2021,258602,Urban Health Centers,0
East,2021,258602,Township Health Service Centers,7331
East,2021,258602,Village Clinics,139910
East,2021,258602,Outpatient Department,83093
East,2021,258602,Specialized Public Health Institutions,3278
East,2021,258602,Center for Disease Control & Prevention,794
East,2021,258602,Specialized Disease Prevention & Treatment Institution,306
East,2021,258602,Women & Children Care Agencies,725
East,2021,258602,Health Inspection Institution,686
East,2020,255128,Hospitals,9404
East,2020,255128,General Hospitals,4956
East,2020,255128,Traditional Chinese Medicine Specialize Hospitals,1061
East,2020,255128,Specialized Hospitals,2619
East,2020,255128,Grassroot Level Health Care Institutions,241012
East,2020,255128,Community Health Service Centers,14098
East,2020,255128,Urban Health Centers,0
East,2020,255128,Township Health Service Centers,7406
East,2020,255128,Village Clinics,141282
East,2020,255128,Outpatient Department,78151
East,2020,255128,Specialized Public Health Institutions,3503
East,2020,255128,Center for Disease Control & Prevention,803
East,2020,255128,Specialized Disease Prevention & Treatment Institution,353
East,2020,255128,Women & Children Care Agencies,719
East,2020,255128,Health Inspection Institution,674
East,2019,249380,Hospitals,9027
East,2019,249380,General Hospitals,4900
East,2019,249380,Traditional Chinese Medicine Specialize Hospitals,988
East,2019,249380,Specialized Hospitals,2492
East,2019,249380,Grassroot Level Health Care Institutions,235364
East,2019,249380,Community Health Service Centers,14221
East,2019,249380,Urban Health Centers,0
East,2019,249380,Township Health Service Centers,7500
East,2019,249380,Village Clinics,142834
East,2019,249380,Outpatient Department,70729
East,2019,249380,Specialized Public Health Institutions,3874
East,2019,249380,Center for Disease Control & Prevention,787
East,2019,249380,Specialized Disease Prevention & Treatment Institution,378
East,2019,249380,Women & Children Care Agencies,711
East,2019,249380,Health Inspection Institution,637
East,2018,241831,Hospitals,8576
East,2018,241831,General Hospitals,4847
East,2018,241831,Traditional Chinese Medicine Specialize Hospitals,917
East,2018,241831,Specialized Hospitals,2295
East,2018,241831,Grassroot Level Health Care Institutions,228040
East,2018,241831,Community Health Service Centers,14700
East,2018,241831,Urban Health Centers,0
East,2018,241831,Township Health Service Centers,7634
East,2018,241831,Village Clinics,143111
East,2018,241831,Outpatient Department,62525
East,2018,241831,Specialized Public Health Institutions,4183
East,2018,241831,Center for Disease Control & Prevention,775
East,2018,241831,Specialized Disease Prevention & Treatment Institution,383
East,2018,241831,Women & Children Care Agencies,707
East,2018,241831,Health Inspection Institution,634
East,2017,237709,Hospitals,8115
East,2017,237709,General Hospitals,4714
East,2017,237709,Traditional Chinese Medicine Specialize Hospitals,856
East,2017,237709,Specialized Hospitals,2116
East,2017,237709,Grassroot Level Health Care Institutions,224011
East,2017,237709,Community Health Service Centers,14978
East,2017,237709,Urban Health Centers,0
East,2017,237709,Township Health Service Centers,7649
East,2017,237709,Village Clinics,144738
East,2017,237709,Outpatient Department,56578
East,2017,237709,Specialized Public Health Institutions,4599
East,2017,237709,Center for Disease Control & Prevention,773
East,2017,237709,Specialized Disease Prevention & Treatment Institution,394
East,2017,237709,Women & Children Care Agencies,697
East,2017,237709,Health Inspection Institution,633
East,2016,235989,Hospitals,7393
East,2016,235989,General Hospitals,4384
East,2016,235989,Traditional Chinese Medicine Specialize Hospitals,757
East,2016,235989,Specialized Hospitals,1934
East,2016,235989,Grassroot Level Health Care Institutions,221529
East,2016,235989,Community Health Service Centers,14934
East,2016,235989,Urban Health Centers,0
East,2016,235989,Township Health Service Centers,7690
East,2016,235989,Village Clinics,146211
East,2016,235989,Outpatient Department,52674
East,2016,235989,Specialized Public Health Institutions,6073
East,2016,235989,Center for Disease Control & Prevention,786
East,2016,235989,Specialized Disease Prevention & Treatment Institution,384
East,2016,235989,Women & Children Care Agencies,693
East,2016,235989,Health Inspection Institution,638
East,2015,236668,Hospitals,7051
East,2015,236668,General Hospitals,4278
East,2015,236668,Traditional Chinese Medicine Specialize Hospitals,731
East,2015,236668,Specialized Hospitals,1788
East,2015,236668,Grassroot Level Health Care Institutions,220765
East,2015,236668,Community Health Service Centers,15214
East,2015,236668,Urban Health Centers,14
East,2015,236668,Township Health Service Centers,7704
East,2015,236668,Village Clinics,147310
East,2015,236668,Outpatient Department,50523
East,2015,236668,Specialized Public Health Institutions,7863
East,2015,236668,Center for Disease Control & Prevention,787
East,2015,236668,Specialized Disease Prevention & Treatment Institution,390
East,2015,236668,Women & Children Care Agencies,696
East,2015,236668,Health Inspection Institution,639
East,2014,236076,Hospitals,6735
East,2014,236076,General Hospitals,4176
East,2014,236076,Traditional Chinese Medicine Specialize Hospitals,705
East,2014,236076,Specialized Hospitals,1642
East,2014,236076,Grassroot Level Health Care Institutions,220297
East,2014,236076,Community Health Service Centers,15386
East,2014,236076,Urban Health Centers,18
East,2014,236076,Township Health Service Centers,7690
East,2014,236076,Village Clinics,148292
East,2014,236076,Outpatient Department,48911
East,2014,236076,Specialized Public Health Institutions,8077
East,2014,236076,Center for Disease Control & Prevention,789
East,2014,236076,Specialized Disease Prevention & Treatment Institution,395
East,2014,236076,Women & Children Care Agencies,701
East,2014,236076,Health Inspection Institution,641
East,2013,233138,Hospitals,6471
East,2013,233138,General Hospitals,4070
East,2013,233138,Traditional Chinese Medicine Specialize Hospitals,680
East,2013,233138,Specialized Hospitals,1539
East,2013,233138,Grassroot Level Health Care Institutions,219465
East,2013,233138,Community Health Service Centers,15409
East,2013,233138,Urban Health Centers,14
East,2013,233138,Township Health Service Centers,7706
East,2013,233138,Village Clinics,149249
East,2013,233138,Outpatient Department,47087
East,2013,233138,Specialized Public Health Institutions,6293
East,2013,233138,Center for Disease Control & Prevention,789
East,2013,233138,Specialized Disease Prevention & Treatment Institution,408
East,2013,233138,Women & Children Care Agencies,698
East,2013,233138,Health Inspection Institution,648
East,2012,225066,Hospitals,6074
East,2012,225066,General Hospitals,3887
East,2012,225066,Traditional Chinese Medicine Specialize Hospitals,650
East,2012,225066,Specialized Hospitals,1394
East,2012,225066,Grassroot Level Health Care Institutions,215223
East,2012,225066,Community Health Service Centers,15590
East,2012,225066,Urban Health Centers,15
East,2012,225066,Township Health Service Centers,7744
East,2012,225066,Village Clinics,148708
East,2012,225066,Outpatient Department,43166
East,2012,225066,Specialized Public Health Institutions,2925
East,2012,225066,Center for Disease Control & Prevention,795
East,2012,225066,Specialized Disease Prevention & Treatment Institution,413
East,2012,225066,Women & Children Care Agencies,693
East,2012,225066,Health Inspection Institution,698
East,2011,224395,Hospitals,5752
East,2011,224395,General Hospitals,3678
East,2011,224395,Traditional Chinese Medicine Specialize Hospitals,629
East,2011,224395,Specialized Hospitals,1318
East,2011,224395,Grassroot Level Health Care Institutions,214893
East,2011,224395,Community Health Service Centers,15381
East,2011,224395,Urban Health Centers,22
East,2011,224395,Township Health Service Centers,7912
East,2011,224395,Village Clinics,150429
East,2011,224395,Outpatient Department,41149
East,2011,224395,Specialized Public Health Institutions,2872
East,2011,224395,Center for Disease Control & Prevention,769
East,2011,224395,Specialized Disease Prevention & Treatment Institution,416
East,2011,224395,Women & Children Care Agencies,686
East,2011,224395,Health Inspection Institution,689
East,2010,216652,Hospitals,5212
East,2010,216652,General Hospitals,3332
East,2010,216652,Traditional Chinese Medicine Specialize Hospitals,613
East,2010,216652,Specialized Hospitals,1164
East,2010,216652,Grassroot Level Health Care Institutions,207758
East,2010,216652,Community Health Service Centers,14356
East,2010,216652,Urban Health Centers,145
East,2010,216652,Township Health Service Centers,8298
East,2010,216652,Village Clinics,145250
East,2010,216652,Outpatient Department,39709
East,2010,216652,Specialized Public Health Institutions,2812
East,2010,216652,Center for Disease Control & Prevention,787
East,2010,216652,Specialized Disease Prevention & Treatment Institution,395
East,2010,216652,Women & Children Care Agencies,676
East,2010,216652,Health Inspection Institution,685
East,2009,213882,Hospitals,5004
East,2009,213882,General Hospitals,3230
East,2009,213882,Traditional Chinese Medicine Specialize Hospitals,607
East,2009,213882,Specialized Hospitals,1075
East,2009,213882,Grassroot Level Health Care Institutions,0
East,2009,213882,Community Health Service Centers,11031
East,2009,213882,Urban Health Centers,355
East,2009,213882,Township Health Service Centers,8773
East,2009,213882,Village Clinics,145641
East,2009,213882,Outpatient Department,39473
East,2009,213882,Specialized Public Health Institutions,0
East,2009,213882,Center for Disease Control & Prevention,803
East,2009,213882,Specialized Disease Prevention & Treatment Institution,398
East,2009,213882,Women & Children Care Agencies,678
East,2009,213882,Health Inspection Institution,594
East,2008,66986,Hospitals,4824
East,2008,66986,General Hospitals,3151
East,2008,66986,Traditional Chinese Medicine Specialize Hospitals,600
East,2008,66986,Specialized Hospitals,989
East,2008,66986,Grassroot Level Health Care Institutions,0
East,2008,66986,Community Health Service Centers,10238
East,2008,66986,Urban Health Centers,361
East,2008,66986,Township Health Service Centers,8955
East,2008,66986,Village Clinics,0
East,2008,66986,Outpatient Department,39081
East,2008,66986,Specialized Public Health Institutions,0
East,2008,66986,Center for Disease Control & Prevention,819
East,2008,66986,Specialized Disease Prevention & Treatment Institution,400
East,2008,66986,Women & Children Care Agencies,679
East,2008,66986,Health Inspection Institution,0
East,2007,75247,Hospitals,0
East,2007,75247,General Hospitals,0
East,2007,75247,Traditional Chinese Medicine Specialize Hospitals,0
East,2007,75247,Specialized Hospitals,0
East,2007,75247,Grassroot Level Health Care Institutions,0
East,2007,75247,Community Health Service Centers,0
East,2007,75247,Urban Health Centers,0
East,2007,75247,Township Health Service Centers,0
East,2007,75247,Village Clinics,0
East,2007,75247,Outpatient Department,42836
East,2007,75247,Specialized Public Health Institutions,0
East,2007,75247,Center for Disease Control & Prevention,799
East,2007,75247,Specialized Disease Prevention & Treatment Institution,0
East,2007,75247,Women & Children Care Agencies,681
East,2007,75247,Health Inspection Institution,0
East,2006,80058,Hospitals,0
East,2006,80058,General Hospitals,0
East,2006,80058,Traditional Chinese Medicine Specialize Hospitals,0
East,2006,80058,Specialized Hospitals,0
East,2006,80058,Grassroot Level Health Care Institutions,0
East,2006,80058,Community Health Service Centers,0
East,2006,80058,Urban Health Centers,0
East,2006,80058,Township Health Service Centers,0
East,2006,80058,Village Clinics,0
East,2006,80058,Outpatient Department,50536
East,2006,80058,Specialized Public Health Institutions,0
East,2006,80058,Center for Disease Control & Prevention,800
East,2006,80058,Specialized Disease Prevention & Treatment Institution,0
East,2006,80058,Women & Children Care Agencies,684
East,2006,80058,Health Inspection Institution,0
East,2005,74528,Hospitals,0
East,2005,74528,General Hospitals,0
East,2005,74528,Traditional Chinese Medicine Specialize Hospitals,0
East,2005,74528,Specialized Hospitals,0
East,2005,74528,Grassroot Level Health Care Institutions,0
East,2005,74528,Community Health Service Centers,0
East,2005,74528,Urban Health Centers,0
East,2005,74528,Township Health Service Centers,0
East,2005,74528,Village Clinics,0
East,2005,74528,Outpatient Department,48286
East,2005,74528,Specialized Public Health Institutions,0
East,2005,74528,Center for Disease Control & Prevention,830
East,2005,74528,Specialized Disease Prevention & Treatment Institution,0
East,2005,74528,Women & Children Care Agencies,691
East,2005,74528,Health Inspection Institution,0
East,2004,74139,Hospitals,0
East,2004,74139,General Hospitals,0
East,2004,74139,Traditional Chinese Medicine Specialize Hospitals,0
East,2004,74139,Specialized Hospitals,0
East,2004,74139,Grassroot Level Health Care Institutions,0
East,2004,74139,Community Health Service Centers,0
East,2004,74139,Urban Health Centers,0
East,2004,74139,Township Health Service Centers,0
East,2004,74139,Village Clinics,140358
East,2004,74139,Outpatient Department,49442
East,2004,74139,Specialized Public Health Institutions,0
East,2004,74139,Center for Disease Control & Prevention,823
East,2004,74139,Specialized Disease Prevention & Treatment Institution,0
East,2004,74139,Women & Children Care Agencies,683
East,2004,74139,Health Inspection Institution,0
South Central,2022,274229,Hospitals,8324
South Central,2022,274229,General Hospitals,4396
South Central,2022,274229,Traditional Chinese Medicine Specialize Hospitals,1150
South Central,2022,274229,Specialized Hospitals,2493
South Central,2022,274229,Grassroot Level Health Care Institutions,262030
South Central,2022,274229,Community Health Service Centers,7214
South Central,2022,274229,Urban Health Centers,0
South Central,2022,274229,Township Health Service Centers,7887
South Central,2022,274229,Village Clinics,165953
South Central,2022,274229,Outpatient Department,80930
South Central,2022,274229,Specialized Public Health Institutions,3067
South Central,2022,274229,Center for Disease Control & Prevention,737
South Central,2022,274229,Specialized Disease Prevention & Treatment Institution,316
South Central,2022,274229,Women & Children Care Agencies,665
South Central,2022,274229,Health Inspection Institution,697
South Central,2021,269095,Hospitals,8127
South Central,2021,269095,General Hospitals,4394
South Central,2021,269095,Traditional Chinese Medicine Specialize Hospitals,1109
South Central,2021,269095,Specialized Hospitals,2355
South Central,2021,269095,Grassroot Level Health Care Institutions,257014
South Central,2021,269095,Community Health Service Centers,7130
South Central,2021,269095,Urban Health Centers,0
South Central,2021,269095,Township Health Service Centers,7922
South Central,2021,269095,Village Clinics,165800
South Central,2021,269095,Outpatient Department,76117
South Central,2021,269095,Specialized Public Health Institutions,3287
South Central,2021,269095,Center for Disease Control & Prevention,736
South Central,2021,269095,Specialized Disease Prevention & Treatment Institution,344
South Central,2021,269095,Women & Children Care Agencies,661
South Central,2021,269095,Health Inspection Institution,713
South Central,2020,262035,Hospitals,7615
South Central,2020,262035,General Hospitals,4240
South Central,2020,262035,Traditional Chinese Medicine Specialize Hospitals,1001
South Central,2020,262035,Specialized Hospitals,2109
South Central,2020,262035,Grassroot Level Health Care Institutions,249935
South Central,2020,262035,Community Health Service Centers,6843
South Central,2020,262035,Urban Health Centers,0
South Central,2020,262035,Township Health Service Centers,7993
South Central,2020,262035,Village Clinics,166260
South Central,2020,262035,Outpatient Department,68798
South Central,2020,262035,Specialized Public Health Institutions,3871
South Central,2020,262035,Center for Disease Control & Prevention,723
South Central,2020,262035,Specialized Disease Prevention & Treatment Institution,351
South Central,2020,262035,Women & Children Care Agencies,660
South Central,2020,262035,Health Inspection Institution,697
South Central,2019,256475,Hospitals,7180
South Central,2019,256475,General Hospitals,4107
South Central,2019,256475,Traditional Chinese Medicine Specialize Hospitals,924
South Central,2019,256475,Specialized Hospitals,1915
South Central,2019,256475,Grassroot Level Health Care Institutions,244313
South Central,2019,256475,Community Health Service Centers,6610
South Central,2019,256475,Urban Health Centers,0
South Central,2019,256475,Township Health Service Centers,8065
South Central,2019,256475,Village Clinics,167137
South Central,2019,256475,Outpatient Department,62459
South Central,2019,256475,Specialized Public Health Institutions,4430
South Central,2019,256475,Center for Disease Control & Prevention,715
South Central,2019,256475,Specialized Disease Prevention & Treatment Institution,355
South Central,2019,256475,Women & Children Care Agencies,659
South Central,2019,256475,Health Inspection Institution,697
South Central,2018,254594,Hospitals,6767
South Central,2018,254594,General Hospitals,3961
South Central,2018,254594,Traditional Chinese Medicine Specialize Hospitals,864
South Central,2018,254594,Specialized Hospitals,1736
South Central,2018,254594,Grassroot Level Health Care Institutions,241921
South Central,2018,254594,Community Health Service Centers,6529
South Central,2018,254594,Urban Health Centers,0
South Central,2018,254594,Township Health Service Centers,8136
South Central,2018,254594,Village Clinics,169681
South Central,2018,254594,Outpatient Department,57535
South Central,2018,254594,Specialized Public Health Institutions,5378
South Central,2018,254594,Center for Disease Control & Prevention,721
South Central,2018,254594,Specialized Disease Prevention & Treatment Institution,357
South Central,2018,254594,Women & Children Care Agencies,660
South Central,2018,254594,Health Inspection Institution,680
South Central,2017,255132,Hospitals,6185
South Central,2017,255132,General Hospitals,3692
South Central,2017,255132,Traditional Chinese Medicine Specialize Hospitals,795
South Central,2017,255132,Specialized Hospitals,1527
South Central,2017,255132,Grassroot Level Health Care Institutions,242316
South Central,2017,255132,Community Health Service Centers,6337
South Central,2017,255132,Urban Health Centers,0
South Central,2017,255132,Township Health Service Centers,8176
South Central,2017,255132,Village Clinics,173109
South Central,2017,255132,Outpatient Department,54648
South Central,2017,255132,Specialized Public Health Institutions,6077
South Central,2017,255132,Center for Disease Control & Prevention,718
South Central,2017,255132,Specialized Disease Prevention & Treatment Institution,358
South Central,2017,255132,Women & Children Care Agencies,656
South Central,2017,255132,Health Inspection Institution,702
South Central,2016,257156,Hospitals,5918
South Central,2016,257156,General Hospitals,3582
South Central,2016,257156,Traditional Chinese Medicine Specialize Hospitals,779
South Central,2016,257156,Specialized Hospitals,1411
South Central,2016,257156,Grassroot Level Health Care Institutions,242980
South Central,2016,257156,Community Health Service Centers,6290
South Central,2016,257156,Urban Health Centers,0
South Central,2016,257156,Township Health Service Centers,8223
South Central,2016,257156,Village Clinics,176472
South Central,2016,257156,Outpatient Department,51945
South Central,2016,257156,Specialized Public Health Institutions,7586
South Central,2016,257156,Center for Disease Control & Prevention,720
South Central,2016,257156,Specialized Disease Prevention & Treatment Institution,372
South Central,2016,257156,Women & Children Care Agencies,663
South Central,2016,257156,Health Inspection Institution,697
South Central,2015,258024,Hospitals,5615
South Central,2015,258024,General Hospitals,3459
South Central,2015,258024,Traditional Chinese Medicine Specialize Hospitals,742
South Central,2015,258024,Specialized Hospitals,1293
South Central,2015,258024,Grassroot Level Health Care Institutions,242184
South Central,2015,258024,Community Health Service Centers,6166
South Central,2015,258024,Urban Health Centers,58
South Central,2015,258024,Township Health Service Centers,8253
South Central,2015,258024,Village Clinics,177810
South Central,2015,258024,Outpatient Department,49897
South Central,2015,258024,Specialized Public Health Institutions,9434
South Central,2015,258024,Center for Disease Control & Prevention,719
South Central,2015,258024,Specialized Disease Prevention & Treatment Institution,376
South Central,2015,258024,Women & Children Care Agencies,664
South Central,2015,258024,Health Inspection Institution,695
South Central,2014,256629,Hospitals,5138
South Central,2014,256629,General Hospitals,3180
South Central,2014,256629,Traditional Chinese Medicine Specialize Hospitals,724
South Central,2014,256629,Specialized Hospitals,1142
South Central,2014,256629,Grassroot Level Health Care Institutions,241018
South Central,2014,256629,Community Health Service Centers,6101
South Central,2014,256629,Urban Health Centers,62
South Central,2014,256629,Township Health Service Centers,8272
South Central,2014,256629,Village Clinics,179178
South Central,2014,256629,Outpatient Department,47405
South Central,2014,256629,Specialized Public Health Institutions,9729
South Central,2014,256629,Center for Disease Control & Prevention,717
South Central,2014,256629,Specialized Disease Prevention & Treatment Institution,382
South Central,2014,256629,Women & Children Care Agencies,661
South Central,2014,256629,Health Inspection Institution,682
South Central,2013,256094,Hospitals,4924
South Central,2013,256094,General Hospitals,3070
South Central,2013,256094,Traditional Chinese Medicine Specialize Hospitals,698
South Central,2013,256094,Specialized Hospitals,1070
South Central,2013,256094,Grassroot Level Health Care Institutions,241118
South Central,2013,256094,Community Health Service Centers,6061
South Central,2013,256094,Urban Health Centers,60
South Central,2013,256094,Township Health Service Centers,8304
South Central,2013,256094,Village Clinics,180145
South Central,2013,256094,Outpatient Department,46548
South Central,2013,256094,Specialized Public Health Institutions,9238
South Central,2013,256094,Center for Disease Control & Prevention,713
South Central,2013,256094,Specialized Disease Prevention & Treatment Institution,387
South Central,2013,256094,Women & Children Care Agencies,661
South Central,2013,256094,Health Inspection Institution,667
South Central,2012,248950,Hospitals,4585
South Central,2012,248950,General Hospitals,2908
South Central,2012,248950,Traditional Chinese Medicine Specialize Hospitals,671
South Central,2012,248950,Specialized Hospitals,936
South Central,2012,248950,Grassroot Level Health Care Institutions,241173
South Central,2012,248950,Community Health Service Centers,5711
South Central,2012,248950,Urban Health Centers,62
South Central,2012,248950,Township Health Service Centers,8348
South Central,2012,248950,Village Clinics,181625
South Central,2012,248950,Outpatient Department,45427
South Central,2012,248950,Specialized Public Health Institutions,2702
South Central,2012,248950,Center for Disease Control & Prevention,712
South Central,2012,248950,Specialized Disease Prevention & Treatment Institution,401
South Central,2012,248950,Women & Children Care Agencies,658
South Central,2012,248950,Health Inspection Institution,657
South Central,2011,256159,Hospitals,4390
South Central,2011,256159,General Hospitals,2810
South Central,2011,256159,Traditional Chinese Medicine Specialize Hospitals,662
South Central,2011,256159,Specialized Hospitals,853
South Central,2011,256159,Grassroot Level Health Care Institutions,248610
South Central,2011,256159,Community Health Service Centers,5660
South Central,2011,256159,Urban Health Centers,73
South Central,2011,256159,Township Health Service Centers,8371
South Central,2011,256159,Village Clinics,189546
South Central,2011,256159,Outpatient Department,44960
South Central,2011,256159,Specialized Public Health Institutions,2672
South Central,2011,256159,Center for Disease Control & Prevention,706
South Central,2011,256159,Specialized Disease Prevention & Treatment Institution,401
South Central,2011,256159,Women & Children Care Agencies,656
South Central,2011,256159,Health Inspection Institution,657
South Central,2010,251668,Hospitals,4278
South Central,2010,251668,General Hospitals,2774
South Central,2010,251668,Traditional Chinese Medicine Specialize Hospitals,650
South Central,2010,251668,Specialized Hospitals,786
South Central,2010,251668,Grassroot Level Health Care Institutions,244254
South Central,2010,251668,Community Health Service Centers,5188
South Central,2010,251668,Urban Health Centers,142
South Central,2010,251668,Township Health Service Centers,8392
South Central,2010,251668,Village Clinics,186590
South Central,2010,251668,Outpatient Department,43942
South Central,2010,251668,Specialized Public Health Institutions,2659
South Central,2010,251668,Center for Disease Control & Prevention,706
South Central,2010,251668,Specialized Disease Prevention & Treatment Institution,403
South Central,2010,251668,Women & Children Care Agencies,659
South Central,2010,251668,Health Inspection Institution,644
South Central,2009,245042,Hospitals,4285
South Central,2009,245042,General Hospitals,2823
South Central,2009,245042,Traditional Chinese Medicine Specialize Hospitals,644
South Central,2009,245042,Specialized Hospitals,753
South Central,2009,245042,Grassroot Level Health Care Institutions,0
South Central,2009,245042,Community Health Service Centers,4748
South Central,2009,245042,Urban Health Centers,196
South Central,2009,245042,Township Health Service Centers,8357
South Central,2009,245042,Village Clinics,178957
South Central,2009,245042,Outpatient Department,45374
South Central,2009,245042,Specialized Public Health Institutions,0
South Central,2009,245042,Center for Disease Control & Prevention,703
South Central,2009,245042,Specialized Disease Prevention & Treatment Institution,411
South Central,2009,245042,Women & Children Care Agencies,658
South Central,2009,245042,Health Inspection Institution,627
South Central,2008,64909,Hospitals,4199
South Central,2008,64909,General Hospitals,2804
South Central,2008,64909,Traditional Chinese Medicine Specialize Hospitals,636
South Central,2008,64909,Specialized Hospitals,701
South Central,2008,64909,Grassroot Level Health Care Institutions,0
South Central,2008,64909,Community Health Service Centers,4152
South Central,2008,64909,Urban Health Centers,188
South Central,2008,64909,Township Health Service Centers,8416
South Central,2008,64909,Village Clinics,0
South Central,2008,64909,Outpatient Department,44855
South Central,2008,64909,Specialized Public Health Institutions,0
South Central,2008,64909,Center for Disease Control & Prevention,699
South Central,2008,64909,Specialized Disease Prevention & Treatment Institution,436
South Central,2008,64909,Women & Children Care Agencies,655
South Central,2008,64909,Health Inspection Institution,0
South Central,2007,66380,Hospitals,0
South Central,2007,66380,General Hospitals,0
South Central,2007,66380,Traditional Chinese Medicine Specialize Hospitals,0
South Central,2007,66380,Specialized Hospitals,0
South Central,2007,66380,Grassroot Level Health Care Institutions,0
South Central,2007,66380,Community Health Service Centers,0
South Central,2007,66380,Urban Health Centers,0
South Central,2007,66380,Township Health Service Centers,0
South Central,2007,66380,Village Clinics,0
South Central,2007,66380,Outpatient Department,46836
South Central,2007,66380,Specialized Public Health Institutions,0
South Central,2007,66380,Center for Disease Control & Prevention,715
South Central,2007,66380,Specialized Disease Prevention & Treatment Institution,0
South Central,2007,66380,Women & Children Care Agencies,654
South Central,2007,66380,Health Inspection Institution,0
South Central,2006,69279,Hospitals,0
South Central,2006,69279,General Hospitals,0
South Central,2006,69279,Traditional Chinese Medicine Specialize Hospitals,0
South Central,2006,69279,Specialized Hospitals,0
South Central,2006,69279,Grassroot Level Health Care Institutions,0
South Central,2006,69279,Community Health Service Centers,0
South Central,2006,69279,Urban Health Centers,0
South Central,2006,69279,Township Health Service Centers,0
South Central,2006,69279,Village Clinics,0
South Central,2006,69279,Outpatient Department,49725
South Central,2006,69279,Specialized Public Health Institutions,0
South Central,2006,69279,Center for Disease Control & Prevention,710
South Central,2006,69279,Specialized Disease Prevention & Treatment Institution,0
South Central,2006,69279,Women & Children Care Agencies,648
South Central,2006,69279,Health Inspection Institution,0
South Central,2005,67219,Hospitals,0
South Central,2005,67219,General Hospitals,0
South Central,2005,67219,Traditional Chinese Medicine Specialize Hospitals,0
South Central,2005,67219,Specialized Hospitals,0
South Central,2005,67219,Grassroot Level Health Care Institutions,0
South Central,2005,67219,Community Health Service Centers,0
South Central,2005,67219,Urban Health Centers,0
South Central,2005,67219,Township Health Service Centers,0
South Central,2005,67219,Village Clinics,0
South Central,2005,67219,Outpatient Department,48337
South Central,2005,67219,Specialized Public Health Institutions,0
South Central,2005,67219,Center for Disease Control & Prevention,716
South Central,2005,67219,Specialized Disease Prevention & Treatment Institution,0
South Central,2005,67219,Women & Children Care Agencies,651
South Central,2005,67219,Health Inspection Institution,0
South Central,2004,65908,Hospitals,0
South Central,2004,65908,General Hospitals,0
South Central,2004,65908,Traditional Chinese Medicine Specialize Hospitals,0
South Central,2004,65908,Specialized Hospitals,0
South Central,2004,65908,Grassroot Level Health Care Institutions,0
South Central,2004,65908,Community Health Service Centers,0
South Central,2004,65908,Urban Health Centers,0
South Central,2004,65908,Township Health Service Centers,0
South Central,2004,65908,Village Clinics,148129
South Central,2004,65908,Outpatient Department,47619
South Central,2004,65908,Specialized Public Health Institutions,0
South Central,2004,65908,Center for Disease Control & Prevention,711
South Central,2004,65908,Specialized Disease Prevention & Treatment Institution,0
South Central,2004,65908,Women & Children Care Agencies,643
South Central,2004,65908,Health Inspection Institution,0
Southwestern,2022,159884,Hospitals,6360
Southwestern,2022,159884,General Hospitals,3837
Southwestern,2022,159884,Traditional Chinese Medicine Specialize Hospitals,694
Southwestern,2022,159884,Specialized Hospitals,1559
Southwestern,2022,159884,Grassroot Level Health Care Institutions,151235
Southwestern,2022,159884,Community Health Service Centers,3370
Southwestern,2022,159884,Urban Health Centers,0
Southwestern,2022,159884,Township Health Service Centers,6965
Southwestern,2022,159884,Village Clinics,92013
Southwestern,2022,159884,Outpatient Department,48792
Southwestern,2022,159884,Specialized Public Health Institutions,1857
Southwestern,2022,159884,Center for Disease Control & Prevention,585
Southwestern,2022,159884,Specialized Disease Prevention & Treatment Institution,65
Southwestern,2022,159884,Women & Children Care Agencies,523
Southwestern,2022,159884,Health Inspection Institution,441
Southwestern,2021,164694,Hospitals,6372
Southwestern,2021,164694,General Hospitals,3899
Southwestern,2021,164694,Traditional Chinese Medicine Specialize Hospitals,679
Southwestern,2021,164694,Specialized Hospitals,1523
Southwestern,2021,164694,Grassroot Level Health Care Institutions,156077
Southwestern,2021,164694,Community Health Service Centers,3252
Southwestern,2021,164694,Urban Health Centers,0
Southwestern,2021,164694,Township Health Service Centers,7846
Southwestern,2021,164694,Village Clinics,98755
Southwestern,2021,164694,Outpatient Department,46117
Southwestern,2021,164694,Specialized Public Health Institutions,1856
Southwestern,2021,164694,Center for Disease Control & Prevention,585
Southwestern,2021,164694,Specialized Disease Prevention & Treatment Institution,69
Southwestern,2021,164694,Women & Children Care Agencies,525
Southwestern,2021,164694,Health Inspection Institution,441
Southwestern,2020,166160,Hospitals,6289
Southwestern,2020,166160,General Hospitals,3926
Southwestern,2020,166160,Traditional Chinese Medicine Specialize Hospitals,676
Southwestern,2020,166160,Specialized Hospitals,1427
Southwestern,2020,166160,Grassroot Level Health Care Institutions,157691
Southwestern,2020,166160,Community Health Service Centers,3135
Southwestern,2020,166160,Urban Health Centers,0
Southwestern,2020,166160,Township Health Service Centers,8480
Southwestern,2020,166160,Village Clinics,103038
Southwestern,2020,166160,Outpatient Department,42925
Southwestern,2020,166160,Specialized Public Health Institutions,1853
Southwestern,2020,166160,Center for Disease Control & Prevention,583
Southwestern,2020,166160,Specialized Disease Prevention & Treatment Institution,66
Southwestern,2020,166160,Women & Children Care Agencies,532
Southwestern,2020,166160,Health Inspection Institution,443
Southwestern,2019,165851,Hospitals,6135
Southwestern,2019,165851,General Hospitals,3915
Southwestern,2019,165851,Traditional Chinese Medicine Specialize Hospitals,631
Southwestern,2019,165851,Specialized Hospitals,1335
Southwestern,2019,165851,Grassroot Level Health Care Institutions,157580
Southwestern,2019,165851,Community Health Service Centers,2997
Southwestern,2019,165851,Urban Health Centers,0
Southwestern,2019,165851,Township Health Service Centers,8630
Southwestern,2019,165851,Village Clinics,105367
Southwestern,2019,165851,Outpatient Department,40516
Southwestern,2019,165851,Specialized Public Health Institutions,1866
Southwestern,2019,165851,Center for Disease Control & Prevention,584
Southwestern,2019,165851,Specialized Disease Prevention & Treatment Institution,72
Southwestern,2019,165851,Women & Children Care Agencies,545
Southwestern,2019,165851,Health Inspection Institution,461
Southwestern,2018,161925,Hospitals,5891
Southwestern,2018,161925,General Hospitals,3846
Southwestern,2018,161925,Traditional Chinese Medicine Specialize Hospitals,580
Southwestern,2018,161925,Specialized Hospitals,1226
Southwestern,2018,161925,Grassroot Level Health Care Institutions,153983
Southwestern,2018,161925,Community Health Service Centers,2822
Southwestern,2018,161925,Urban Health Centers,0
Southwestern,2018,161925,Township Health Service Centers,8679
Southwestern,2018,161925,Village Clinics,105923
Southwestern,2018,161925,Outpatient Department,36480
Southwestern,2018,161925,Specialized Public Health Institutions,1861
Southwestern,2018,161925,Center for Disease Control & Prevention,582
Southwestern,2018,161925,Specialized Disease Prevention & Treatment Institution,75
Southwestern,2018,161925,Women & Children Care Agencies,544
Southwestern,2018,161925,Health Inspection Institution,477
Southwestern,2017,159707,Hospitals,5638
Southwestern,2017,159707,General Hospitals,3790
Southwestern,2017,159707,Traditional Chinese Medicine Specialize Hospitals,545
Southwestern,2017,159707,Specialized Hospitals,1107
Southwestern,2017,159707,Grassroot Level Health Care Institutions,152014
Southwestern,2017,159707,Community Health Service Centers,2693
Southwestern,2017,159707,Urban Health Centers,0
Southwestern,2017,159707,Township Health Service Centers,8742
Southwestern,2017,159707,Village Clinics,106520
Southwestern,2017,159707,Outpatient Department,33979
Southwestern,2017,159707,Specialized Public Health Institutions,1883
Southwestern,2017,159707,Center for Disease Control & Prevention,582
Southwestern,2017,159707,Specialized Disease Prevention & Treatment Institution,80
Southwestern,2017,159707,Women & Children Care Agencies,543
Southwestern,2017,159707,Health Inspection Institution,477
Southwestern,2016,158532,Hospitals,5317
Southwestern,2016,158532,General Hospitals,3629
Southwestern,2016,158532,Traditional Chinese Medicine Specialize Hospitals,501
Southwestern,2016,158532,Specialized Hospitals,1001
Southwestern,2016,158532,Grassroot Level Health Care Institutions,150776
Southwestern,2016,158532,Community Health Service Centers,2658
Southwestern,2016,158532,Urban Health Centers,0
Southwestern,2016,158532,Township Health Service Centers,8827
Southwestern,2016,158532,Village Clinics,106642
Southwestern,2016,158532,Outpatient Department,32587
Southwestern,2016,158532,Specialized Public Health Institutions,2232
Southwestern,2016,158532,Center for Disease Control & Prevention,582
Southwestern,2016,158532,Specialized Disease Prevention & Treatment Institution,80
Southwestern,2016,158532,Women & Children Care Agencies,545
Southwestern,2016,158532,Health Inspection Institution,477
Southwestern,2015,159622,Hospitals,5001
Southwestern,2015,159622,General Hospitals,3477
Southwestern,2015,159622,Traditional Chinese Medicine Specialize Hospitals,465
Southwestern,2015,159622,Specialized Hospitals,888
Southwestern,2015,159622,Grassroot Level Health Care Institutions,149739
Southwestern,2015,159622,Community Health Service Centers,2566
Southwestern,2015,159622,Urban Health Centers,42
Southwestern,2015,159622,Township Health Service Centers,8904
Southwestern,2015,159622,Village Clinics,106684
Southwestern,2015,159622,Outpatient Department,31543
Southwestern,2015,159622,Specialized Public Health Institutions,4603
Southwestern,2015,159622,Center for Disease Control & Prevention,580
Southwestern,2015,159622,Specialized Disease Prevention & Treatment Institution,89
Southwestern,2015,159622,Women & Children Care Agencies,544
Southwestern,2015,159622,Health Inspection Institution,480
Southwestern,2014,159908,Hospitals,4618
Southwestern,2014,159908,General Hospitals,3236
Southwestern,2014,159908,Traditional Chinese Medicine Specialize Hospitals,440
Southwestern,2014,159908,Specialized Hospitals,803
Southwestern,2014,159908,Grassroot Level Health Care Institutions,148805
Southwestern,2014,159908,Community Health Service Centers,2512
Southwestern,2014,159908,Urban Health Centers,30
Southwestern,2014,159908,Township Health Service Centers,8989
Southwestern,2014,159908,Village Clinics,106434
Southwestern,2014,159908,Outpatient Department,30840
Southwestern,2014,159908,Specialized Public Health Institutions,6187
Southwestern,2014,159908,Center for Disease Control & Prevention,582
Southwestern,2014,159908,Specialized Disease Prevention & Treatment Institution,87
Southwestern,2014,159908,Women & Children Care Agencies,541
Southwestern,2014,159908,Health Inspection Institution,481
Southwestern,2013,159129,Hospitals,4341
Southwestern,2013,159129,General Hospitals,3046
Southwestern,2013,159129,Traditional Chinese Medicine Specialize Hospitals,424
Southwestern,2013,159129,Specialized Hospitals,743
Southwestern,2013,159129,Grassroot Level Health Care Institutions,148235
Southwestern,2013,159129,Community Health Service Centers,2432
Southwestern,2013,159129,Urban Health Centers,20
Southwestern,2013,159129,Township Health Service Centers,9040
Southwestern,2013,159129,Village Clinics,106047
Southwestern,2013,159129,Outpatient Department,30696
Southwestern,2013,159129,Specialized Public Health Institutions,6249
Southwestern,2013,159129,Center for Disease Control & Prevention,582
Southwestern,2013,159129,Specialized Disease Prevention & Treatment Institution,92
Southwestern,2013,159129,Women & Children Care Agencies,541
Southwestern,2013,159129,Health Inspection Institution,486
Southwestern,2012,151977,Hospitals,3807
Southwestern,2012,151977,General Hospitals,2664
Southwestern,2012,151977,Traditional Chinese Medicine Specialize Hospitals,393
Southwestern,2012,151977,Specialized Hospitals,639
Southwestern,2012,151977,Grassroot Level Health Care Institutions,146088
Southwestern,2012,151977,Community Health Service Centers,2330
Southwestern,2012,151977,Urban Health Centers,12
Southwestern,2012,151977,Township Health Service Centers,9032
Southwestern,2012,151977,Village Clinics,105277
Southwestern,2012,151977,Outpatient Department,29437
Southwestern,2012,151977,Specialized Public Health Institutions,1881
Southwestern,2012,151977,Center for Disease Control & Prevention,579
Southwestern,2012,151977,Specialized Disease Prevention & Treatment Institution,90
Southwestern,2012,151977,Women & Children Care Agencies,542
Southwestern,2012,151977,Health Inspection Institution,492
Southwestern,2011,149258,Hospitals,3389
Southwestern,2011,149258,General Hospitals,2373
Southwestern,2011,149258,Traditional Chinese Medicine Specialize Hospitals,384
Southwestern,2011,149258,Specialized Hospitals,535
Southwestern,2011,149258,Grassroot Level Health Care Institutions,143796
Southwestern,2011,149258,Community Health Service Centers,2154
Southwestern,2011,149258,Urban Health Centers,25
Southwestern,2011,149258,Township Health Service Centers,9079
Southwestern,2011,149258,Village Clinics,103376
Southwestern,2011,149258,Outpatient Department,29162
Southwestern,2011,149258,Specialized Public Health Institutions,1850
Southwestern,2011,149258,Center for Disease Control & Prevention,582
Southwestern,2011,149258,Specialized Disease Prevention & Treatment Institution,93
Southwestern,2011,149258,Women & Children Care Agencies,539
Southwestern,2011,149258,Health Inspection Institution,490
Southwestern,2010,145046,Hospitals,3113
Southwestern,2010,145046,General Hospitals,2160
Southwestern,2010,145046,Traditional Chinese Medicine Specialize Hospitals,378
Southwestern,2010,145046,Specialized Hospitals,481
Southwestern,2010,145046,Grassroot Level Health Care Institutions,139865
Southwestern,2010,145046,Community Health Service Centers,1936
Southwestern,2010,145046,Urban Health Centers,23
Southwestern,2010,145046,Township Health Service Centers,9193
Southwestern,2010,145046,Village Clinics,99882
Southwestern,2010,145046,Outpatient Department,28831
Southwestern,2010,145046,Specialized Public Health Institutions,1853
Southwestern,2010,145046,Center for Disease Control & Prevention,583
Southwestern,2010,145046,Specialized Disease Prevention & Treatment Institution,92
Southwestern,2010,145046,Women & Children Care Agencies,535
Southwestern,2010,145046,Health Inspection Institution,489
Southwestern,2009,141442,Hospitals,2925
Southwestern,2009,141442,General Hospitals,2032
Southwestern,2009,141442,Traditional Chinese Medicine Specialize Hospitals,370
Southwestern,2009,141442,Specialized Hospitals,431
Southwestern,2009,141442,Grassroot Level Health Care Institutions,0
Southwestern,2009,141442,Community Health Service Centers,1460
Southwestern,2009,141442,Urban Health Centers,44
Southwestern,2009,141442,Township Health Service Centers,9212
Southwestern,2009,141442,Village Clinics,97375
Southwestern,2009,141442,Outpatient Department,28359
Southwestern,2009,141442,Specialized Public Health Institutions,0
Southwestern,2009,141442,Center for Disease Control & Prevention,586
Southwestern,2009,141442,Specialized Disease Prevention & Treatment Institution,92
Southwestern,2009,141442,Women & Children Care Agencies,535
Southwestern,2009,141442,Health Inspection Institution,488
Southwestern,2008,43426,Hospitals,2765
Southwestern,2008,43426,General Hospitals,1921
Southwestern,2008,43426,Traditional Chinese Medicine Specialize Hospitals,371
Southwestern,2008,43426,Specialized Hospitals,376
Southwestern,2008,43426,Grassroot Level Health Care Institutions,0
Southwestern,2008,43426,Community Health Service Centers,1144
Southwestern,2008,43426,Urban Health Centers,54
Southwestern,2008,43426,Township Health Service Centers,9325
Southwestern,2008,43426,Village Clinics,0
Southwestern,2008,43426,Outpatient Department,28091
Southwestern,2008,43426,Specialized Public Health Institutions,0
Southwestern,2008,43426,Center for Disease Control & Prevention,589
Southwestern,2008,43426,Specialized Disease Prevention & Treatment Institution,90
Southwestern,2008,43426,Women & Children Care Agencies,536
Southwestern,2008,43426,Health Inspection Institution,0
Southwestern,2007,44644,Hospitals,0
Southwestern,2007,44644,General Hospitals,0
Southwestern,2007,44644,Traditional Chinese Medicine Specialize Hospitals,0
Southwestern,2007,44644,Specialized Hospitals,0
Southwestern,2007,44644,Grassroot Level Health Care Institutions,0
Southwestern,2007,44644,Community Health Service Centers,0
Southwestern,2007,44644,Urban Health Centers,0
Southwestern,2007,44644,Township Health Service Centers,0
Southwestern,2007,44644,Village Clinics,0
Southwestern,2007,44644,Outpatient Department,29271
Southwestern,2007,44644,Specialized Public Health Institutions,0
Southwestern,2007,44644,Center for Disease Control & Prevention,577
Southwestern,2007,44644,Specialized Disease Prevention & Treatment Institution,0
Southwestern,2007,44644,Women & Children Care Agencies,538
Southwestern,2007,44644,Health Inspection Institution,0
Southwestern,2006,48144,Hospitals,0
Southwestern,2006,48144,General Hospitals,0
Southwestern,2006,48144,Traditional Chinese Medicine Specialize Hospitals,0
Southwestern,2006,48144,Specialized Hospitals,0
Southwestern,2006,48144,Grassroot Level Health Care Institutions,0
Southwestern,2006,48144,Community Health Service Centers,0
Southwestern,2006,48144,Urban Health Centers,0
Southwestern,2006,48144,Township Health Service Centers,0
Southwestern,2006,48144,Village Clinics,0
Southwestern,2006,48144,Outpatient Department,32529
Southwestern,2006,48144,Specialized Public Health Institutions,0
Southwestern,2006,48144,Center for Disease Control & Prevention,586
Southwestern,2006,48144,Specialized Disease Prevention & Treatment Institution,0
Southwestern,2006,48144,Women & Children Care Agencies,525
Southwestern,2006,48144,Health Inspection Institution,0
Southwestern,2005,48271,Hospitals,0
Southwestern,2005,48271,General Hospitals,0
Southwestern,2005,48271,Traditional Chinese Medicine Specialize Hospitals,0
Southwestern,2005,48271,Specialized Hospitals,0
Southwestern,2005,48271,Grassroot Level Health Care Institutions,0
Southwestern,2005,48271,Community Health Service Centers,0
Southwestern,2005,48271,Urban Health Centers,0
Southwestern,2005,48271,Township Health Service Centers,0
Southwestern,2005,48271,Village Clinics,0
Southwestern,2005,48271,Outpatient Department,32762
Southwestern,2005,48271,Specialized Public Health Institutions,0
Southwestern,2005,48271,Center for Disease Control & Prevention,588
Southwestern,2005,48271,Specialized Disease Prevention & Treatment Institution,0
Southwestern,2005,48271,Women & Children Care Agencies,526
Southwestern,2005,48271,Health Inspection Institution,0
Southwestern,2004,48570,Hospitals,0
Southwestern,2004,48570,General Hospitals,0
Southwestern,2004,48570,Traditional Chinese Medicine Specialize Hospitals,0
Southwestern,2004,48570,Specialized Hospitals,0
Southwestern,2004,48570,Grassroot Level Health Care Institutions,0
Southwestern,2004,48570,Community Health Service Centers,0
Southwestern,2004,48570,Urban Health Centers,0
Southwestern,2004,48570,Township Health Service Centers,0
Southwestern,2004,48570,Village Clinics,91406
Southwestern,2004,48570,Outpatient Department,33084
Southwestern,2004,48570,Specialized Public Health Institutions,0
Southwestern,2004,48570,Center for Disease Control & Prevention,590
Southwestern,2004,48570,Specialized Disease Prevention & Treatment Institution,0
Southwestern,2004,48570,Women & Children Care Agencies,523
Southwestern,2004,48570,Health Inspection Institution,0
Northwestern,2022,88027,Hospitals,3336
Northwestern,2022,88027,General Hospitals,2021
Northwestern,2022,88027,Traditional Chinese Medicine Specialize Hospitals,412
Northwestern,2022,88027,Specialized Hospitals,717
Northwestern,2022,88027,Grassroot Level Health Care Institutions,82898
Northwestern,2022,88027,Community Health Service Centers,3170
Northwestern,2022,88027,Urban Health Centers,0
Northwestern,2022,88027,Township Health Service Centers,4402
Northwestern,2022,88027,Village Clinics,54399
Northwestern,2022,88027,Outpatient Department,20887
Northwestern,2022,88027,Specialized Public Health Institutions,1604
Northwestern,2022,88027,Center for Disease Control & Prevention,456
Northwestern,2022,88027,Specialized Disease Prevention & Treatment Institution,19
Northwestern,2022,88027,Women & Children Care Agencies,387
Northwestern,2022,88027,Health Inspection Institution,397
Northwestern,2021,88679,Hospitals,3328
Northwestern,2021,88679,General Hospitals,2047
Northwestern,2021,88679,Traditional Chinese Medicine Specialize Hospitals,396
Northwestern,2021,88679,Specialized Hospitals,694
Northwestern,2021,88679,Grassroot Level Health Care Institutions,83339
Northwestern,2021,88679,Community Health Service Centers,2907
Northwestern,2021,88679,Urban Health Centers,0
Northwestern,2021,88679,Township Health Service Centers,4427
Northwestern,2021,88679,Village Clinics,54941
Northwestern,2021,88679,Outpatient Department,21061
Northwestern,2021,88679,Specialized Public Health Institutions,1834
Northwestern,2021,88679,Center for Disease Control & Prevention,455
Northwestern,2021,88679,Specialized Disease Prevention & Treatment Institution,19
Northwestern,2021,88679,Women & Children Care Agencies,387
Northwestern,2021,88679,Health Inspection Institution,417
Northwestern,2020,90326,Hospitals,3273
Northwestern,2020,90326,General Hospitals,2059
Northwestern,2020,90326,Traditional Chinese Medicine Specialize Hospitals,385
Northwestern,2020,90326,Specialized Hospitals,646
Northwestern,2020,90326,Grassroot Level Health Care Institutions,84741
Northwestern,2020,90326,Community Health Service Centers,2760
Northwestern,2020,90326,Urban Health Centers,0
Northwestern,2020,90326,Township Health Service Centers,4432
Northwestern,2020,90326,Village Clinics,55977
Northwestern,2020,90326,Outpatient Department,21559
Northwestern,2020,90326,Specialized Public Health Institutions,2152
Northwestern,2020,90326,Center for Disease Control & Prevention,462
Northwestern,2020,90326,Specialized Disease Prevention & Treatment Institution,20
Northwestern,2020,90326,Women & Children Care Agencies,385
Northwestern,2020,90326,Health Inspection Institution,431
Northwestern,2019,91387,Hospitals,3283
Northwestern,2019,91387,General Hospitals,2082
Northwestern,2019,91387,Traditional Chinese Medicine Specialize Hospitals,396
Northwestern,2019,91387,Specialized Hospitals,623
Northwestern,2019,91387,Grassroot Level Health Care Institutions,85422
Northwestern,2019,91387,Community Health Service Centers,2750
Northwestern,2019,91387,Urban Health Centers,0
Northwestern,2019,91387,Township Health Service Centers,4448
Northwestern,2019,91387,Village Clinics,56954
Northwestern,2019,91387,Outpatient Department,21259
Northwestern,2019,91387,Specialized Public Health Institutions,2475
Northwestern,2019,91387,Center for Disease Control & Prevention,493
Northwestern,2019,91387,Specialized Disease Prevention & Treatment Institution,18
Northwestern,2019,91387,Women & Children Care Agencies,378
Northwestern,2019,91387,Health Inspection Institution,421
Northwestern,2018,92493,Hospitals,3159
Northwestern,2018,92493,General Hospitals,2066
Northwestern,2018,92493,Traditional Chinese Medicine Specialize Hospitals,374
Northwestern,2018,92493,Specialized Hospitals,550
Northwestern,2018,92493,Grassroot Level Health Care Institutions,86145
Northwestern,2018,92493,Community Health Service Centers,2532
Northwestern,2018,92493,Urban Health Centers,0
Northwestern,2018,92493,Township Health Service Centers,4471
Northwestern,2018,92493,Village Clinics,57590
Northwestern,2018,92493,Outpatient Department,21539
Northwestern,2018,92493,Specialized Public Health Institutions,2970
Northwestern,2018,92493,Center for Disease Control & Prevention,519
Northwestern,2018,92493,Specialized Disease Prevention & Treatment Institution,15
Northwestern,2018,92493,Women & Children Care Agencies,377
Northwestern,2018,92493,Health Inspection Institution,448
Northwestern,2017,94088,Hospitals,3016
Northwestern,2017,94088,General Hospitals,2014
Northwestern,2017,94088,Traditional Chinese Medicine Specialize Hospitals,349
Northwestern,2017,94088,Specialized Hospitals,500
Northwestern,2017,94088,Grassroot Level Health Care Institutions,87392
Northwestern,2017,94088,Community Health Service Centers,2440
Northwestern,2017,94088,Urban Health Centers,0
Northwestern,2017,94088,Township Health Service Centers,4473
Northwestern,2017,94088,Village Clinics,59192
Northwestern,2017,94088,Outpatient Department,21274
Northwestern,2017,94088,Specialized Public Health Institutions,3441
Northwestern,2017,94088,Center for Disease Control & Prevention,527
Northwestern,2017,94088,Specialized Disease Prevention & Treatment Institution,16
Northwestern,2017,94088,Women & Children Care Agencies,378
Northwestern,2017,94088,Health Inspection Institution,449
Northwestern,2016,94165,Hospitals,2839
Northwestern,2016,94165,General Hospitals,1941
Northwestern,2016,94165,Traditional Chinese Medicine Specialize Hospitals,336
Northwestern,2016,94165,Specialized Hospitals,426
Northwestern,2016,94165,Grassroot Level Health Care Institutions,86808
Northwestern,2016,94165,Community Health Service Centers,2411
Northwestern,2016,94165,Urban Health Centers,0
Northwestern,2016,94165,Township Health Service Centers,4490
Northwestern,2016,94165,Village Clinics,59475
Northwestern,2016,94165,Outpatient Department,20421
Northwestern,2016,94165,Specialized Public Health Institutions,4274
Northwestern,2016,94165,Center for Disease Control & Prevention,526
Northwestern,2016,94165,Specialized Disease Prevention & Treatment Institution,16
Northwestern,2016,94165,Women & Children Care Agencies,363
Northwestern,2016,94165,Health Inspection Institution,445
Northwestern,2015,94138,Hospitals,2720
Northwestern,2015,94138,General Hospitals,1911
Northwestern,2015,94138,Traditional Chinese Medicine Specialize Hospitals,324
Northwestern,2015,94138,Specialized Hospitals,362
Northwestern,2015,94138,Grassroot Level Health Care Institutions,86473
Northwestern,2015,94138,Community Health Service Centers,2358
Northwestern,2015,94138,Urban Health Centers,11
Northwestern,2015,94138,Township Health Service Centers,4510
Northwestern,2015,94138,Village Clinics,59844
Northwestern,2015,94138,Outpatient Department,19750
Northwestern,2015,94138,Specialized Public Health Institutions,4687
Northwestern,2015,94138,Center for Disease Control & Prevention,526
Northwestern,2015,94138,Specialized Disease Prevention & Treatment Institution,18
Northwestern,2015,94138,Women & Children Care Agencies,362
Northwestern,2015,94138,Health Inspection Institution,445
Northwestern,2014,94532,Hospitals,2628
Northwestern,2014,94532,General Hospitals,1869
Northwestern,2014,94532,Traditional Chinese Medicine Specialize Hospitals,307
Northwestern,2014,94532,Specialized Hospitals,329
Northwestern,2014,94532,Grassroot Level Health Care Institutions,86430
Northwestern,2014,94532,Community Health Service Centers,2304
Northwestern,2014,94532,Urban Health Centers,13
Northwestern,2014,94532,Township Health Service Centers,4532
Northwestern,2014,94532,Village Clinics,60174
Northwestern,2014,94532,Outpatient Department,19407
Northwestern,2014,94532,Specialized Public Health Institutions,5172
Northwestern,2014,94532,Center for Disease Control & Prevention,532
Northwestern,2014,94532,Specialized Disease Prevention & Treatment Institution,19
Northwestern,2014,94532,Women & Children Care Agencies,356
Northwestern,2014,94532,Health Inspection Institution,444
Northwestern,2013,92748,Hospitals,2517
Northwestern,2013,92748,General Hospitals,1792
Northwestern,2013,92748,Traditional Chinese Medicine Specialize Hospitals,301
Northwestern,2013,92748,Specialized Hospitals,311
Northwestern,2013,92748,Grassroot Level Health Care Institutions,86421
Northwestern,2013,92748,Community Health Service Centers,2281
Northwestern,2013,92748,Urban Health Centers,13
Northwestern,2013,92748,Township Health Service Centers,4542
Northwestern,2013,92748,Village Clinics,60152
Northwestern,2013,92748,Outpatient Department,19433
Northwestern,2013,92748,Specialized Public Health Institutions,3620
Northwestern,2013,92748,Center for Disease Control & Prevention,533
Northwestern,2013,92748,Specialized Disease Prevention & Treatment Institution,19
Northwestern,2013,92748,Women & Children Care Agencies,363
Northwestern,2013,92748,Health Inspection Institution,443
Northwestern,2012,91080,Hospitals,2412
Northwestern,2012,91080,General Hospitals,1718
Northwestern,2012,91080,Traditional Chinese Medicine Specialize Hospitals,292
Northwestern,2012,91080,Specialized Hospitals,293
Northwestern,2012,91080,Grassroot Level Health Care Institutions,87052
Northwestern,2012,91080,Community Health Service Centers,2193
Northwestern,2012,91080,Urban Health Centers,12
Northwestern,2012,91080,Township Health Service Centers,4561
Northwestern,2012,91080,Village Clinics,60839
Northwestern,2012,91080,Outpatient Department,19447
Northwestern,2012,91080,Specialized Public Health Institutions,1456
Northwestern,2012,91080,Center for Disease Control & Prevention,530
Northwestern,2012,91080,Specialized Disease Prevention & Treatment Institution,18
Northwestern,2012,91080,Women & Children Care Agencies,350
Northwestern,2012,91080,Health Inspection Institution,447
Northwestern,2011,90459,Hospitals,2359
Northwestern,2011,90459,General Hospitals,1702
Northwestern,2011,90459,Traditional Chinese Medicine Specialize Hospitals,288
Northwestern,2011,90459,Specialized Hospitals,268
Northwestern,2011,90459,Grassroot Level Health Care Institutions,86531
Northwestern,2011,90459,Community Health Service Centers,2041
Northwestern,2011,90459,Urban Health Centers,20
Northwestern,2011,90459,Township Health Service Centers,4570
Northwestern,2011,90459,Village Clinics,60389
Northwestern,2011,90459,Outpatient Department,19511
Northwestern,2011,90459,Specialized Public Health Institutions,1405
Northwestern,2011,90459,Center for Disease Control & Prevention,522
Northwestern,2011,90459,Specialized Disease Prevention & Treatment Institution,18
Northwestern,2011,90459,Women & Children Care Agencies,350
Northwestern,2011,90459,Health Inspection Institution,414
Northwestern,2010,88279,Hospitals,2297
Northwestern,2010,88279,General Hospitals,1668
Northwestern,2010,88279,Traditional Chinese Medicine Specialize Hospitals,282
Northwestern,2010,88279,Specialized Hospitals,250
Northwestern,2010,88279,Grassroot Level Health Care Institutions,84415
Northwestern,2010,88279,Community Health Service Centers,1788
Northwestern,2010,88279,Urban Health Centers,46
Northwestern,2010,88279,Township Health Service Centers,4576
Northwestern,2010,88279,Village Clinics,58251
Northwestern,2010,88279,Outpatient Department,19754
Northwestern,2010,88279,Specialized Public Health Institutions,1404
Northwestern,2010,88279,Center for Disease Control & Prevention,527
Northwestern,2010,88279,Specialized Disease Prevention & Treatment Institution,17
Northwestern,2010,88279,Women & Children Care Agencies,350
Northwestern,2010,88279,Health Inspection Institution,414
Northwestern,2009,83579,Hospitals,2238
Northwestern,2009,83579,General Hospitals,1636
Northwestern,2009,83579,Traditional Chinese Medicine Specialize Hospitals,277
Northwestern,2009,83579,Specialized Hospitals,228
Northwestern,2009,83579,Grassroot Level Health Care Institutions,0
Northwestern,2009,83579,Community Health Service Centers,1355
Northwestern,2009,83579,Urban Health Centers,41
Northwestern,2009,83579,Township Health Service Centers,4579
Northwestern,2009,83579,Village Clinics,54258
Northwestern,2009,83579,Outpatient Department,19547
Northwestern,2009,83579,Specialized Public Health Institutions,0
Northwestern,2009,83579,Center for Disease Control & Prevention,521
Northwestern,2009,83579,Specialized Disease Prevention & Treatment Institution,18
Northwestern,2009,83579,Women & Children Care Agencies,349
Northwestern,2009,83579,Health Inspection Institution,403
Northwestern,2008,29296,Hospitals,2208
Northwestern,2008,29296,General Hospitals,1616
Northwestern,2008,29296,Traditional Chinese Medicine Specialize Hospitals,281
Northwestern,2008,29296,Specialized Hospitals,217
Northwestern,2008,29296,Grassroot Level Health Care Institutions,0
Northwestern,2008,29296,Community Health Service Centers,1019
Northwestern,2008,29296,Urban Health Centers,50
Northwestern,2008,29296,Township Health Service Centers,4549
Northwestern,2008,29296,Village Clinics,0
Northwestern,2008,29296,Outpatient Department,19918
Northwestern,2008,29296,Specialized Public Health Institutions,0
Northwestern,2008,29296,Center for Disease Control & Prevention,521
Northwestern,2008,29296,Specialized Disease Prevention & Treatment Institution,19
Northwestern,2008,29296,Women & Children Care Agencies,350
Northwestern,2008,29296,Health Inspection Institution,0
Northwestern,2007,32346,Hospitals,0
Northwestern,2007,32346,General Hospitals,0
Northwestern,2007,32346,Traditional Chinese Medicine Specialize Hospitals,0
Northwestern,2007,32346,Specialized Hospitals,0
Northwestern,2007,32346,Grassroot Level Health Care Institutions,0
Northwestern,2007,32346,Community Health Service Centers,0
Northwestern,2007,32346,Urban Health Centers,0
Northwestern,2007,32346,Township Health Service Centers,0
Northwestern,2007,32346,Village Clinics,0
Northwestern,2007,32346,Outpatient Department,23011
Northwestern,2007,32346,Specialized Public Health Institutions,0
Northwestern,2007,32346,Center for Disease Control & Prevention,521
Northwestern,2007,32346,Specialized Disease Prevention & Treatment Institution,0
Northwestern,2007,32346,Women & Children Care Agencies,346
Northwestern,2007,32346,Health Inspection Institution,0
Northwestern,2006,35024,Hospitals,0
Northwestern,2006,35024,General Hospitals,0
Northwestern,2006,35024,Traditional Chinese Medicine Specialize Hospitals,0
Northwestern,2006,35024,Specialized Hospitals,0
Northwestern,2006,35024,Grassroot Level Health Care Institutions,0
Northwestern,2006,35024,Community Health Service Centers,0
Northwestern,2006,35024,Urban Health Centers,0
Northwestern,2006,35024,Township Health Service Centers,0
Northwestern,2006,35024,Village Clinics,0
Northwestern,2006,35024,Outpatient Department,25428
Northwestern,2006,35024,Specialized Public Health Institutions,0
Northwestern,2006,35024,Center for Disease Control & Prevention,523
Northwestern,2006,35024,Specialized Disease Prevention & Treatment Institution,0
Northwestern,2006,35024,Women & Children Care Agencies,350
Northwestern,2006,35024,Health Inspection Institution,0
Northwestern,2005,34578,Hospitals,0
Northwestern,2005,34578,General Hospitals,0
Northwestern,2005,34578,Traditional Chinese Medicine Specialize Hospitals,0
Northwestern,2005,34578,Specialized Hospitals,0
Northwestern,2005,34578,Grassroot Level Health Care Institutions,0
Northwestern,2005,34578,Community Health Service Centers,0
Northwestern,2005,34578,Urban Health Centers,0
Northwestern,2005,34578,Township Health Service Centers,0
Northwestern,2005,34578,Village Clinics,0
Northwestern,2005,34578,Outpatient Department,25130
Northwestern,2005,34578,Specialized Public Health Institutions,0
Northwestern,2005,34578,Center for Disease Control & Prevention,507
Northwestern,2005,34578,Specialized Disease Prevention & Treatment Institution,0
Northwestern,2005,34578,Women & Children Care Agencies,348
Northwestern,2005,34578,Health Inspection Institution,0
Northwestern,2004,35115,Hospitals,0
Northwestern,2004,35115,General Hospitals,0
Northwestern,2004,35115,Traditional Chinese Medicine Specialize Hospitals,0
Northwestern,2004,35115,Specialized Hospitals,0
Northwestern,2004,35115,Grassroot Level Health Care Institutions,0
Northwestern,2004,35115,Community Health Service Centers,0
Northwestern,2004,35115,Urban Health Centers,0
Northwestern,2004,35115,Township Health Service Centers,0
Northwestern,2004,35115,Village Clinics,46909
Northwestern,2004,35115,Outpatient Department,25969
Northwestern,2004,35115,Specialized Public Health Institutions,0
Northwestern,2004,35115,Center for Disease Control & Prevention,505
Northwestern,2004,35115,Specialized Disease Prevention & Treatment Institution,0
Northwestern,2004,35115,Women & Children Care Agencies,341
Northwestern,2004,35115,Health Inspection Institution,0